GAMS 25.1.3  r4e34d435fbd Released Oct 30, 2018 WEX-WEI x86 64bit/MS Windows - 05/29/26 18:19:24 Page 1
G e n e r a l   A l g e b r a i c   M o d e l i n g   S y s t e m
C o m p i l a t i o n


   1  Sets
   2     y      "years"   / y1*y7 /
   3     sea    "Seasons" / nime1, nime2 /
   4     per    "Periods" / day, night /
   5     sources "Sources" / electricity, gas /
   6     tech   "Technologies" / PV, CHP, Boiler, ElecWaterHeater / ;
   7   
   8  Parameters
   9      Days(sea)
  10      ElecDemand0(sea, per)
  11      HeatDemand0(sea, per)
  12      CoolDemand0(sea, per)
  13      ElecDemand(y,sea,per)
  14      HeatDemand(y,sea,per)
  15      SolarCF(sea, per)
  16      ;
  17   
  18   
  19   
  20   
  21  Parameter EF(sources),Cap_1(tech),Cap_2taxed(tech),Cap_change(tech);
  22  EF("electricity") = 0.00057;
  23  EF("gas")         = 0.00022;
  24  Scalar z_1, z_2taxed, ExtraCost;
  25  Scalar Emission_1, Emission_2taxed ,Emission_3taxed,CarbonTax;
  26  Positive Variables
  27  GridGasBuy(sea,per,y);
  28   
  29   
  30   
  31  Days("nime1")  = 219 ;
  32  Days("nime2")  = 146 ;
  33   
  34  ElecDemand0("nime1","day")   = 180 ;
  35  ElecDemand0("nime1","night") = 120 ;
  36  ElecDemand0("nime2","day")   = 180 ;
  37  ElecDemand0("nime2","night") = 120 ;
  38   
  39  HeatDemand0("nime1","day")   = 20;
  40  HeatDemand0("nime1","night") = 0;
  41  HeatDemand0("nime2","day")   = 200;
  42  HeatDemand0("nime2","night") = 140;
  43   
  44  CoolDemand0("nime1","day")   = 160;
  45  CoolDemand0("nime1","night") = 60;
  46  CoolDemand0("nime2","day")   = 0;
  47  CoolDemand0("nime2","night") = 0;
  48   
  49  Scalar cop_cooling /3.0/;
  50   
  51  Loop(y,
  52     ElecDemand(y,sea,per) = (ElecDemand0(sea,per) + (CoolDemand0(sea,per)/cop_cooling)) * (1.01)**(ord(y)-1);
  53     HeatDemand(y,sea,per) = HeatDemand0(sea,per) * (1.01)**(ord(y)-1);
  54  );
  55   
  56  SolarCF("nime1","day")   = 0.26;
  57  SolarCF("nime1","night") = 0;
  58  SolarCF("nime2","day")   = 0.12;
  59  SolarCF("nime2","night") = 0;
  60   
  61  Parameters
  62  InvestCost(tech)
  63  OandM(tech)
  64  Lifetime(tech)
  65  Efficiency(tech)
  66  AF(tech)
  67  MaxCap(tech)
  68  MinCap(tech);
  69   
  70  InvestCost("PV") = 1000;
  71  OandM("PV") = 15;
  72   Lifetime("PV") = 25;
  73   AF("PV") = 0.95;
  74   MaxCap("PV") = 100;
  75   
  76  InvestCost("CHP") = 1500;
  77   OandM("CHP") = 150;
  78   Lifetime("CHP") = 20;
  79   AF("CHP") = 0.8;
  80   MaxCap("CHP") = 700;
  81   
  82  InvestCost("Boiler") = 300;
  83   OandM("Boiler") = 10;
  84   Lifetime("Boiler") = 20;
  85   Efficiency("Boiler") = 0.9;
  86   AF("Boiler") = 0.95;
  87   MaxCap("Boiler") = 300;
  88   
  89  InvestCost("ElecWaterHeater") = 120;
  90   OandM("ElecWaterHeater") = 5;
  91   Lifetime("ElecWaterHeater") = 12;
  92   Efficiency("ElecWaterHeater") = 0.97;
  93   AF("ElecWaterHeater") = 0.95;
  94   MaxCap("ElecWaterHeater") = 3000;
  95   
  96  Scalar r /0.07/ ;
  97  Parameter CRF(tech);
  98  CRF(tech) = r*(1+r)**Lifetime(tech) / ((1+r)**Lifetime(tech)-1);
  99   
 100  Parameter SubVarCost(sources), InvestCostso(sources);
 101  SubVarCost("electricity") = 0.09 ;
 102  SubVarCost("gas")         = 0.03;
 103  InvestCostso("electricity") = 2000;
 104  InvestCostso("gas") = 3000;
 105   
 106   
 107  Positive Variables
 108  Cap(tech)
 109  PVgen(sea,per,y)
 110  CHPelec(sea,per,y)
 111  CHPheat(sea,per,y)
 112  BoilerHeat(sea,per,y)
 113  ElecWH_Heat(sea,per,y)
 114  GridElecBuy(sea,per,y)
 115  GridGasBuy(sea,per,y)
 116  ;
 117   
 118  Variable z;
 119   
 120  Equations
 121  ElecBalance(sea,per,y)
 122  HeatBalance(sea,per,y)
 123  PV_limit(sea,per,y)
 124  CHP_MinElec(sea,per,y)
 125  CHP_MaxElec(sea,per,y)
 126  CHP_UpperHeat(sea,per,y)
 127  CHP_LowerHeat(sea,per,y)
 128  Boiler_limit(sea,per,y)
 129  ElecWH_limit(sea,per,y)
 130  Gas_balance(sea,per,y)
 131  M;
 132   
 133  ElecBalance(sea,per,y)..
 134      PVgen(sea,per,y) + CHPelec(sea,per,y) + GridElecBuy(sea,per,y) =e= ElecDemand(y,sea,per) + ElecWH_Heat(sea,per,y)/Efficiency("ElecWaterHeater");
 135   
 136  HeatBalance(sea,per,y)..
 137      CHPheat(sea,per,y) + BoilerHeat(sea,per,y) + ElecWH_Heat(sea,per,y) =e= HeatDemand(y,sea,per);
 138   
 139  PV_limit(sea,per,y)..
 140      PVgen(sea,per,y) =l= Cap("PV")*SolarCF(sea,per)*AF("PV");
 141   
 142  CHP_MinElec(sea,per,y)..
 143      CHPelec(sea,per,y) =g= (100/700) * Cap("CHP");
 144   
 145  CHP_MaxElec(sea,per,y)..
 146      CHPelec(sea,per,y) =l= Cap("CHP") * AF("CHP");
 147   
 148  CHP_UpperHeat(sea,per,y)..
 149      CHPheat(sea,per,y) =l= 1.3 * CHPelec(sea,per,y);
 150   
 151  CHP_LowerHeat(sea,per,y)..
 152      CHPheat(sea,per,y) =g= 0.4 * CHPelec(sea,per,y) - 0.2 * Cap("CHP");
 153   
 154  Boiler_limit(sea,per,y)..
 155      BoilerHeat(sea,per,y) =l= Cap("Boiler")*AF("Boiler");
 156   
 157  ElecWH_limit(sea,per,y)..
 158      ElecWH_Heat(sea,per,y) =l= Cap("ElecWaterHeater")*AF("ElecWaterHeater");
 159   
 160  Gas_balance(sea,per,y)..
 161      GridGasBuy(sea,per,y) =e= BoilerHeat(sea,per,y)/Efficiency("Boiler") + CHPelec(sea,per,y)/0.35;
 162   
 163  M..
 164      z =e=
 165     sum(y,  sum((sea,per),(  GridElecBuy(sea,per,y)*SubVarCost("electricity")
 166    + GridGasBuy(sea,per,y)*SubVarCost("gas")
 167   + CarbonTax *( GridElecBuy(sea,per,y)*EF("electricity")
 168   + GridGasBuy(sea,per,y)*EF("gas") ) ) * Days(sea) * 12  ))
 169   + InvestCostso("electricity") + InvestCostso("gas") + sum(tech,
 170   Cap(tech)*(InvestCost(tech)*CRF(tech) + OandM(tech)));
 171   
 172  Cap.up(tech) = MaxCap(tech);
 173  Cap.lo("CHP") = 100;
 174   
 175  Parameter Emission_Limit_Value;
 176  Equation Emission_Limit_Eq;
 177  Model osemosys /all/;
 178   
 179   
 180   
 181   
 182  Emission_Limit_Eq..
 183      sum(y, sum((sea,per), (GridElecBuy(sea,per,y)*EF("electricity") + GridGasBuy(sea,per,y)*EF("gas")) * Days(sea) * 12)) =l= Emission_Limit_Value;
 184   
 185  CarbonTax = 0;
 186  Emission_Limit_Value = inf;
 187  Solve osemosys minimizing z using LP;
 188  z_1 = z.l;
 189  Cap_1(tech) = Cap.l(tech);
 190  Emission_1 = sum(y,sum((sea,per), ( GridElecBuy.l(sea,per,y)*EF("electricity")
 191  + GridGasBuy.l(sea,per,y)*EF("gas") )  * Days(sea) * 12 ) );
 192   
 193   
 194   
 195  CarbonTax = 84;
 196  Emission_Limit_Value = inf;
 197  Solve osemosys minimizing z using LP;
 198  z_2taxed = z.l;
 199  Cap_2taxed(tech) = Cap.l(tech);
 200  Emission_2taxed =sum(y,sum((sea,per),
 201    ( GridElecBuy.l(sea,per,y)*EF("electricity")
 202   + GridGasBuy.l(sea,per,y)*EF("gas"))* Days(sea) * 12  ) );
 203  z_2taxed = z.l;
 204  Cap_2taxed(tech) = Cap.l(tech);
 205  ExtraCost = z_2taxed - z_1;
 206  Cap_change(tech) = Cap_2taxed(tech) - Cap_1(tech);
 207  Display z_1, z_2taxed, ExtraCost, Cap_1, Cap_2taxed, Cap_change;
 208   
 209   
 210  CarbonTax = 0;
 211  Emission_Limit_Value = 1 * Emission_1;
 212  Solve osemosys minimizing z using LP;
 213  Emission_3taxed =sum(y,sum((sea,per),
 214    ( GridElecBuy.l(sea,per,y)*EF("electricity")
 215   + GridGasBuy.l(sea,per,y)*EF("gas"))* Days(sea) * 12  ) );
 216   
 217  Scalar z_3;
 218  z_3 = z.l;
 219  Display z_3;
 220   


COMPILATION TIME     =        0.000 SECONDS      3 MB  25.1.3 r4e34d435fbd WEX-WEI
GAMS 25.1.3  r4e34d435fbd Released Oct 30, 2018 WEX-WEI x86 64bit/MS Windows - 05/29/26 18:19:24 Page 2
G e n e r a l   A l g e b r a i c   M o d e l i n g   S y s t e m
Equation Listing    SOLVE osemosys Using LP From line 187


---- ElecBalance  =E=  

ElecBalance(nime1,day,y1)..  PVgen(nime1,day,y1) + CHPelec(nime1,day,y1) - 1.03092783505155*ElecWH_Heat(nime1,day,y1) + GridElecBuy(nime1,day,y1) =E= 233.333333333333 ; (LHS = 0, INFES = 233.333333333333 ****)
     
ElecBalance(nime1,day,y2)..  PVgen(nime1,day,y2) + CHPelec(nime1,day,y2) - 1.03092783505155*ElecWH_Heat(nime1,day,y2) + GridElecBuy(nime1,day,y2) =E= 235.666666666667 ; (LHS = 0, INFES = 235.666666666667 ****)
     
ElecBalance(nime1,day,y3)..  PVgen(nime1,day,y3) + CHPelec(nime1,day,y3) - 1.03092783505155*ElecWH_Heat(nime1,day,y3) + GridElecBuy(nime1,day,y3) =E= 238.023333333333 ; (LHS = 0, INFES = 238.023333333333 ****)
     
REMAINING 25 ENTRIES SKIPPED


---- HeatBalance  =E=  

HeatBalance(nime1,day,y1)..  CHPheat(nime1,day,y1) + BoilerHeat(nime1,day,y1) + ElecWH_Heat(nime1,day,y1) =E= 20 ; (LHS = 0, INFES = 20 ****)
     
HeatBalance(nime1,day,y2)..  CHPheat(nime1,day,y2) + BoilerHeat(nime1,day,y2) + ElecWH_Heat(nime1,day,y2) =E= 20.2 ; (LHS = 0, INFES = 20.2 ****)
     
HeatBalance(nime1,day,y3)..  CHPheat(nime1,day,y3) + BoilerHeat(nime1,day,y3) + ElecWH_Heat(nime1,day,y3) =E= 20.402 ; (LHS = 0, INFES = 20.402 ****)
     
REMAINING 25 ENTRIES SKIPPED


---- PV_limit  =L=  

PV_limit(nime1,day,y1)..  - 0.247*Cap(PV) + PVgen(nime1,day,y1) =L= 0 ; (LHS = 0)
     
PV_limit(nime1,day,y2)..  - 0.247*Cap(PV) + PVgen(nime1,day,y2) =L= 0 ; (LHS = 0)
     
PV_limit(nime1,day,y3)..  - 0.247*Cap(PV) + PVgen(nime1,day,y3) =L= 0 ; (LHS = 0)
     
REMAINING 25 ENTRIES SKIPPED


---- CHP_MinElec  =G=  

CHP_MinElec(nime1,day,y1)..  - 0.142857142857143*Cap(CHP) + CHPelec(nime1,day,y1) =G= 0 ; (LHS = -14.2857142857143, INFES = 14.2857142857143 ****)
     
CHP_MinElec(nime1,day,y2)..  - 0.142857142857143*Cap(CHP) + CHPelec(nime1,day,y2) =G= 0 ; (LHS = -14.2857142857143, INFES = 14.2857142857143 ****)
     
CHP_MinElec(nime1,day,y3)..  - 0.142857142857143*Cap(CHP) + CHPelec(nime1,day,y3) =G= 0 ; (LHS = -14.2857142857143, INFES = 14.2857142857143 ****)
     
REMAINING 25 ENTRIES SKIPPED


---- CHP_MaxElec  =L=  

CHP_MaxElec(nime1,day,y1)..  - 0.8*Cap(CHP) + CHPelec(nime1,day,y1) =L= 0 ; (LHS = -80)
     
CHP_MaxElec(nime1,day,y2)..  - 0.8*Cap(CHP) + CHPelec(nime1,day,y2) =L= 0 ; (LHS = -80)
     
CHP_MaxElec(nime1,day,y3)..  - 0.8*Cap(CHP) + CHPelec(nime1,day,y3) =L= 0 ; (LHS = -80)
     
REMAINING 25 ENTRIES SKIPPED


---- CHP_UpperHeat  =L=  

CHP_UpperHeat(nime1,day,y1)..  - 1.3*CHPelec(nime1,day,y1) + CHPheat(nime1,day,y1) =L= 0 ; (LHS = 0)
     
CHP_UpperHeat(nime1,day,y2)..  - 1.3*CHPelec(nime1,day,y2) + CHPheat(nime1,day,y2) =L= 0 ; (LHS = 0)
     
CHP_UpperHeat(nime1,day,y3)..  - 1.3*CHPelec(nime1,day,y3) + CHPheat(nime1,day,y3) =L= 0 ; (LHS = 0)
     
REMAINING 25 ENTRIES SKIPPED


---- CHP_LowerHeat  =G=  

CHP_LowerHeat(nime1,day,y1)..  0.2*Cap(CHP) - 0.4*CHPelec(nime1,day,y1) + CHPheat(nime1,day,y1) =G= 0 ; (LHS = 20)
     
CHP_LowerHeat(nime1,day,y2)..  0.2*Cap(CHP) - 0.4*CHPelec(nime1,day,y2) + CHPheat(nime1,day,y2) =G= 0 ; (LHS = 20)
     
CHP_LowerHeat(nime1,day,y3)..  0.2*Cap(CHP) - 0.4*CHPelec(nime1,day,y3) + CHPheat(nime1,day,y3) =G= 0 ; (LHS = 20)
     
REMAINING 25 ENTRIES SKIPPED


---- Boiler_limit  =L=  

Boiler_limit(nime1,day,y1)..  - 0.95*Cap(Boiler) + BoilerHeat(nime1,day,y1) =L= 0 ; (LHS = 0)
     
Boiler_limit(nime1,day,y2)..  - 0.95*Cap(Boiler) + BoilerHeat(nime1,day,y2) =L= 0 ; (LHS = 0)
     
Boiler_limit(nime1,day,y3)..  - 0.95*Cap(Boiler) + BoilerHeat(nime1,day,y3) =L= 0 ; (LHS = 0)
     
REMAINING 25 ENTRIES SKIPPED


---- ElecWH_limit  =L=  

ElecWH_limit(nime1,day,y1)..  - 0.95*Cap(ElecWaterHeater) + ElecWH_Heat(nime1,day,y1) =L= 0 ; (LHS = 0)
     
ElecWH_limit(nime1,day,y2)..  - 0.95*Cap(ElecWaterHeater) + ElecWH_Heat(nime1,day,y2) =L= 0 ; (LHS = 0)
     
ElecWH_limit(nime1,day,y3)..  - 0.95*Cap(ElecWaterHeater) + ElecWH_Heat(nime1,day,y3) =L= 0 ; (LHS = 0)
     
REMAINING 25 ENTRIES SKIPPED


---- Gas_balance  =E=  

Gas_balance(nime1,day,y1)..  GridGasBuy(nime1,day,y1) - 2.85714285714286*CHPelec(nime1,day,y1) - 1.11111111111111*BoilerHeat(nime1,day,y1) =E= 0 ; (LHS = 0)
     
Gas_balance(nime1,day,y2)..  GridGasBuy(nime1,day,y2) - 2.85714285714286*CHPelec(nime1,day,y2) - 1.11111111111111*BoilerHeat(nime1,day,y2) =E= 0 ; (LHS = 0)
     
Gas_balance(nime1,day,y3)..  GridGasBuy(nime1,day,y3) - 2.85714285714286*CHPelec(nime1,day,y3) - 1.11111111111111*BoilerHeat(nime1,day,y3) =E= 0 ; (LHS = 0)
     
REMAINING 25 ENTRIES SKIPPED


---- M  =E=  

M..  - 78.84*GridGasBuy(nime1,day,y1) - 78.84*GridGasBuy(nime1,day,y2) - 78.84*GridGasBuy(nime1,day,y3) - 78.84*GridGasBuy(nime1,day,y4) - 78.84*GridGasBuy(nime1,day,y5) - 78.84*GridGasBuy(nime1,day,y6) - 78.84*GridGasBuy(nime1,day,y7)
     
      - 78.84*GridGasBuy(nime1,night,y1) - 78.84*GridGasBuy(nime1,night,y2) - 78.84*GridGasBuy(nime1,night,y3) - 78.84*GridGasBuy(nime1,night,y4) - 78.84*GridGasBuy(nime1,night,y5) - 78.84*GridGasBuy(nime1,night,y6) - 78.84*GridGasBuy(nime1,night,y7)
     
      - 52.56*GridGasBuy(nime2,day,y1) - 52.56*GridGasBuy(nime2,day,y2) - 52.56*GridGasBuy(nime2,day,y3) - 52.56*GridGasBuy(nime2,day,y4) - 52.56*GridGasBuy(nime2,day,y5) - 52.56*GridGasBuy(nime2,day,y6) - 52.56*GridGasBuy(nime2,day,y7)
     
      - 52.56*GridGasBuy(nime2,night,y1) - 52.56*GridGasBuy(nime2,night,y2) - 52.56*GridGasBuy(nime2,night,y3) - 52.56*GridGasBuy(nime2,night,y4) - 52.56*GridGasBuy(nime2,night,y5) - 52.56*GridGasBuy(nime2,night,y6) - 52.56*GridGasBuy(nime2,night,y7)
     
      - 100.810517220666*Cap(PV) - 291.589388614883*Cap(CHP) - 38.3178777229767*Cap(Boiler) - 20.1082386386025*Cap(ElecWaterHeater) - 236.52*GridElecBuy(nime1,day,y1) - 236.52*GridElecBuy(nime1,day,y2) - 236.52*GridElecBuy(nime1,day,y3)
     
      - 236.52*GridElecBuy(nime1,day,y4) - 236.52*GridElecBuy(nime1,day,y5) - 236.52*GridElecBuy(nime1,day,y6) - 236.52*GridElecBuy(nime1,day,y7) - 236.52*GridElecBuy(nime1,night,y1) - 236.52*GridElecBuy(nime1,night,y2)
     
      - 236.52*GridElecBuy(nime1,night,y3) - 236.52*GridElecBuy(nime1,night,y4) - 236.52*GridElecBuy(nime1,night,y5) - 236.52*GridElecBuy(nime1,night,y6) - 236.52*GridElecBuy(nime1,night,y7) - 157.68*GridElecBuy(nime2,day,y1)
     
      - 157.68*GridElecBuy(nime2,day,y2) - 157.68*GridElecBuy(nime2,day,y3) - 157.68*GridElecBuy(nime2,day,y4) - 157.68*GridElecBuy(nime2,day,y5) - 157.68*GridElecBuy(nime2,day,y6) - 157.68*GridElecBuy(nime2,day,y7) - 157.68*GridElecBuy(nime2,night,y1)
     
      - 157.68*GridElecBuy(nime2,night,y2) - 157.68*GridElecBuy(nime2,night,y3) - 157.68*GridElecBuy(nime2,night,y4) - 157.68*GridElecBuy(nime2,night,y5) - 157.68*GridElecBuy(nime2,night,y6) - 157.68*GridElecBuy(nime2,night,y7) + z =E= 5000 ;
     
      (LHS = -29158.9388614884, INFES = 34158.9388614884 ****)
     

---- Emission_Limit_Eq  =L=  

Emission_Limit_Eq..  0.57816*GridGasBuy(nime1,day,y1) + 0.57816*GridGasBuy(nime1,day,y2) + 0.57816*GridGasBuy(nime1,day,y3) + 0.57816*GridGasBuy(nime1,day,y4) + 0.57816*GridGasBuy(nime1,day,y5) + 0.57816*GridGasBuy(nime1,day,y6)
     
      + 0.57816*GridGasBuy(nime1,day,y7) + 0.57816*GridGasBuy(nime1,night,y1) + 0.57816*GridGasBuy(nime1,night,y2) + 0.57816*GridGasBuy(nime1,night,y3) + 0.57816*GridGasBuy(nime1,night,y4) + 0.57816*GridGasBuy(nime1,night,y5)
     
      + 0.57816*GridGasBuy(nime1,night,y6) + 0.57816*GridGasBuy(nime1,night,y7) + 0.38544*GridGasBuy(nime2,day,y1) + 0.38544*GridGasBuy(nime2,day,y2) + 0.38544*GridGasBuy(nime2,day,y3) + 0.38544*GridGasBuy(nime2,day,y4) + 0.38544*GridGasBuy(nime2,day,y5)
     
      + 0.38544*GridGasBuy(nime2,day,y6) + 0.38544*GridGasBuy(nime2,day,y7) + 0.38544*GridGasBuy(nime2,night,y1) + 0.38544*GridGasBuy(nime2,night,y2) + 0.38544*GridGasBuy(nime2,night,y3) + 0.38544*GridGasBuy(nime2,night,y4)
     
      + 0.38544*GridGasBuy(nime2,night,y5) + 0.38544*GridGasBuy(nime2,night,y6) + 0.38544*GridGasBuy(nime2,night,y7) + 1.49796*GridElecBuy(nime1,day,y1) + 1.49796*GridElecBuy(nime1,day,y2) + 1.49796*GridElecBuy(nime1,day,y3)
     
      + 1.49796*GridElecBuy(nime1,day,y4) + 1.49796*GridElecBuy(nime1,day,y5) + 1.49796*GridElecBuy(nime1,day,y6) + 1.49796*GridElecBuy(nime1,day,y7) + 1.49796*GridElecBuy(nime1,night,y1) + 1.49796*GridElecBuy(nime1,night,y2)
     
      + 1.49796*GridElecBuy(nime1,night,y3) + 1.49796*GridElecBuy(nime1,night,y4) + 1.49796*GridElecBuy(nime1,night,y5) + 1.49796*GridElecBuy(nime1,night,y6) + 1.49796*GridElecBuy(nime1,night,y7) + 0.99864*GridElecBuy(nime2,day,y1)
     
      + 0.99864*GridElecBuy(nime2,day,y2) + 0.99864*GridElecBuy(nime2,day,y3) + 0.99864*GridElecBuy(nime2,day,y4) + 0.99864*GridElecBuy(nime2,day,y5) + 0.99864*GridElecBuy(nime2,day,y6) + 0.99864*GridElecBuy(nime2,day,y7)
     
      + 0.99864*GridElecBuy(nime2,night,y1) + 0.99864*GridElecBuy(nime2,night,y2) + 0.99864*GridElecBuy(nime2,night,y3) + 0.99864*GridElecBuy(nime2,night,y4) + 0.99864*GridElecBuy(nime2,night,y5) + 0.99864*GridElecBuy(nime2,night,y6)
     
      + 0.99864*GridElecBuy(nime2,night,y7) =L= +INF ; (LHS = 0)
     
GAMS 25.1.3  r4e34d435fbd Released Oct 30, 2018 WEX-WEI x86 64bit/MS Windows - 05/29/26 18:19:24 Page 3
G e n e r a l   A l g e b r a i c   M o d e l i n g   S y s t e m
Column Listing      SOLVE osemosys Using LP From line 187


---- GridGasBuy  

GridGasBuy(nime1,day,y1)
                (.LO, .L, .UP, .M = 0, 0, +INF, 0)
        1       Gas_balance(nime1,day,y1)
      -78.84    M
        0.5782  Emission_Limit_Eq

GridGasBuy(nime1,day,y2)
                (.LO, .L, .UP, .M = 0, 0, +INF, 0)
        1       Gas_balance(nime1,day,y2)
      -78.84    M
        0.5782  Emission_Limit_Eq

GridGasBuy(nime1,day,y3)
                (.LO, .L, .UP, .M = 0, 0, +INF, 0)
        1       Gas_balance(nime1,day,y3)
      -78.84    M
        0.5782  Emission_Limit_Eq

REMAINING 25 ENTRIES SKIPPED

---- Cap  

Cap(PV)
                (.LO, .L, .UP, .M = 0, 0, 100, 0)
       -0.247   PV_limit(nime1,day,y1)
       -0.247   PV_limit(nime1,day,y2)
       -0.247   PV_limit(nime1,day,y3)
       -0.247   PV_limit(nime1,day,y4)
       -0.247   PV_limit(nime1,day,y5)
       -0.247   PV_limit(nime1,day,y6)
       -0.247   PV_limit(nime1,day,y7)
       -0.114   PV_limit(nime2,day,y1)
       -0.114   PV_limit(nime2,day,y2)
       -0.114   PV_limit(nime2,day,y3)
       -0.114   PV_limit(nime2,day,y4)
       -0.114   PV_limit(nime2,day,y5)
       -0.114   PV_limit(nime2,day,y6)
       -0.114   PV_limit(nime2,day,y7)
     -100.8105  M

Cap(CHP)
                (.LO, .L, .UP, .M = 100, 100, 700, 0)
       -0.1429  CHP_MinElec(nime1,day,y1)
       -0.1429  CHP_MinElec(nime1,day,y2)
       -0.1429  CHP_MinElec(nime1,day,y3)
       -0.1429  CHP_MinElec(nime1,day,y4)
       -0.1429  CHP_MinElec(nime1,day,y5)
       -0.1429  CHP_MinElec(nime1,day,y6)
       -0.1429  CHP_MinElec(nime1,day,y7)
       -0.1429  CHP_MinElec(nime1,night,y1)
       -0.1429  CHP_MinElec(nime1,night,y2)
       -0.1429  CHP_MinElec(nime1,night,y3)
       -0.1429  CHP_MinElec(nime1,night,y4)
       -0.1429  CHP_MinElec(nime1,night,y5)
       -0.1429  CHP_MinElec(nime1,night,y6)
       -0.1429  CHP_MinElec(nime1,night,y7)
       -0.1429  CHP_MinElec(nime2,day,y1)
       -0.1429  CHP_MinElec(nime2,day,y2)
       -0.1429  CHP_MinElec(nime2,day,y3)
       -0.1429  CHP_MinElec(nime2,day,y4)
       -0.1429  CHP_MinElec(nime2,day,y5)
       -0.1429  CHP_MinElec(nime2,day,y6)
       -0.1429  CHP_MinElec(nime2,day,y7)
       -0.1429  CHP_MinElec(nime2,night,y1)
       -0.1429  CHP_MinElec(nime2,night,y2)
       -0.1429  CHP_MinElec(nime2,night,y3)
       -0.1429  CHP_MinElec(nime2,night,y4)
       -0.1429  CHP_MinElec(nime2,night,y5)
       -0.1429  CHP_MinElec(nime2,night,y6)
       -0.1429  CHP_MinElec(nime2,night,y7)
       -0.8     CHP_MaxElec(nime1,day,y1)
       -0.8     CHP_MaxElec(nime1,day,y2)
       -0.8     CHP_MaxElec(nime1,day,y3)
       -0.8     CHP_MaxElec(nime1,day,y4)
       -0.8     CHP_MaxElec(nime1,day,y5)
       -0.8     CHP_MaxElec(nime1,day,y6)
       -0.8     CHP_MaxElec(nime1,day,y7)
       -0.8     CHP_MaxElec(nime1,night,y1)
       -0.8     CHP_MaxElec(nime1,night,y2)
       -0.8     CHP_MaxElec(nime1,night,y3)
       -0.8     CHP_MaxElec(nime1,night,y4)
       -0.8     CHP_MaxElec(nime1,night,y5)
       -0.8     CHP_MaxElec(nime1,night,y6)
       -0.8     CHP_MaxElec(nime1,night,y7)
       -0.8     CHP_MaxElec(nime2,day,y1)
       -0.8     CHP_MaxElec(nime2,day,y2)
       -0.8     CHP_MaxElec(nime2,day,y3)
       -0.8     CHP_MaxElec(nime2,day,y4)
       -0.8     CHP_MaxElec(nime2,day,y5)
       -0.8     CHP_MaxElec(nime2,day,y6)
       -0.8     CHP_MaxElec(nime2,day,y7)
       -0.8     CHP_MaxElec(nime2,night,y1)
       -0.8     CHP_MaxElec(nime2,night,y2)
       -0.8     CHP_MaxElec(nime2,night,y3)
       -0.8     CHP_MaxElec(nime2,night,y4)
       -0.8     CHP_MaxElec(nime2,night,y5)
       -0.8     CHP_MaxElec(nime2,night,y6)
       -0.8     CHP_MaxElec(nime2,night,y7)
        0.2     CHP_LowerHeat(nime1,day,y1)
        0.2     CHP_LowerHeat(nime1,day,y2)
        0.2     CHP_LowerHeat(nime1,day,y3)
        0.2     CHP_LowerHeat(nime1,day,y4)
        0.2     CHP_LowerHeat(nime1,day,y5)
        0.2     CHP_LowerHeat(nime1,day,y6)
        0.2     CHP_LowerHeat(nime1,day,y7)
        0.2     CHP_LowerHeat(nime1,night,y1)
        0.2     CHP_LowerHeat(nime1,night,y2)
        0.2     CHP_LowerHeat(nime1,night,y3)
        0.2     CHP_LowerHeat(nime1,night,y4)
        0.2     CHP_LowerHeat(nime1,night,y5)
        0.2     CHP_LowerHeat(nime1,night,y6)
        0.2     CHP_LowerHeat(nime1,night,y7)
        0.2     CHP_LowerHeat(nime2,day,y1)
        0.2     CHP_LowerHeat(nime2,day,y2)
        0.2     CHP_LowerHeat(nime2,day,y3)
        0.2     CHP_LowerHeat(nime2,day,y4)
        0.2     CHP_LowerHeat(nime2,day,y5)
        0.2     CHP_LowerHeat(nime2,day,y6)
        0.2     CHP_LowerHeat(nime2,day,y7)
        0.2     CHP_LowerHeat(nime2,night,y1)
        0.2     CHP_LowerHeat(nime2,night,y2)
        0.2     CHP_LowerHeat(nime2,night,y3)
        0.2     CHP_LowerHeat(nime2,night,y4)
        0.2     CHP_LowerHeat(nime2,night,y5)
        0.2     CHP_LowerHeat(nime2,night,y6)
        0.2     CHP_LowerHeat(nime2,night,y7)
     -291.5894  M
        0       (OLD LEVEL ****)

Cap(Boiler)
                (.LO, .L, .UP, .M = 0, 0, 300, 0)
       -0.95    Boiler_limit(nime1,day,y1)
       -0.95    Boiler_limit(nime1,day,y2)
       -0.95    Boiler_limit(nime1,day,y3)
       -0.95    Boiler_limit(nime1,day,y4)
       -0.95    Boiler_limit(nime1,day,y5)
       -0.95    Boiler_limit(nime1,day,y6)
       -0.95    Boiler_limit(nime1,day,y7)
       -0.95    Boiler_limit(nime1,night,y1)
       -0.95    Boiler_limit(nime1,night,y2)
       -0.95    Boiler_limit(nime1,night,y3)
       -0.95    Boiler_limit(nime1,night,y4)
       -0.95    Boiler_limit(nime1,night,y5)
       -0.95    Boiler_limit(nime1,night,y6)
       -0.95    Boiler_limit(nime1,night,y7)
       -0.95    Boiler_limit(nime2,day,y1)
       -0.95    Boiler_limit(nime2,day,y2)
       -0.95    Boiler_limit(nime2,day,y3)
       -0.95    Boiler_limit(nime2,day,y4)
       -0.95    Boiler_limit(nime2,day,y5)
       -0.95    Boiler_limit(nime2,day,y6)
       -0.95    Boiler_limit(nime2,day,y7)
       -0.95    Boiler_limit(nime2,night,y1)
       -0.95    Boiler_limit(nime2,night,y2)
       -0.95    Boiler_limit(nime2,night,y3)
       -0.95    Boiler_limit(nime2,night,y4)
       -0.95    Boiler_limit(nime2,night,y5)
       -0.95    Boiler_limit(nime2,night,y6)
       -0.95    Boiler_limit(nime2,night,y7)
      -38.3179  M

REMAINING ENTRY SKIPPED

---- PVgen  

PVgen(nime1,day,y1)
                (.LO, .L, .UP, .M = 0, 0, +INF, 0)
        1       ElecBalance(nime1,day,y1)
        1       PV_limit(nime1,day,y1)

PVgen(nime1,day,y2)
                (.LO, .L, .UP, .M = 0, 0, +INF, 0)
        1       ElecBalance(nime1,day,y2)
        1       PV_limit(nime1,day,y2)

PVgen(nime1,day,y3)
                (.LO, .L, .UP, .M = 0, 0, +INF, 0)
        1       ElecBalance(nime1,day,y3)
        1       PV_limit(nime1,day,y3)

REMAINING 25 ENTRIES SKIPPED

---- CHPelec  

CHPelec(nime1,day,y1)
                (.LO, .L, .UP, .M = 0, 0, +INF, 0)
        1       ElecBalance(nime1,day,y1)
        1       CHP_MinElec(nime1,day,y1)
        1       CHP_MaxElec(nime1,day,y1)
       -1.3     CHP_UpperHeat(nime1,day,y1)
       -0.4     CHP_LowerHeat(nime1,day,y1)
       -2.8571  Gas_balance(nime1,day,y1)

CHPelec(nime1,day,y2)
                (.LO, .L, .UP, .M = 0, 0, +INF, 0)
        1       ElecBalance(nime1,day,y2)
        1       CHP_MinElec(nime1,day,y2)
        1       CHP_MaxElec(nime1,day,y2)
       -1.3     CHP_UpperHeat(nime1,day,y2)
       -0.4     CHP_LowerHeat(nime1,day,y2)
       -2.8571  Gas_balance(nime1,day,y2)

CHPelec(nime1,day,y3)
                (.LO, .L, .UP, .M = 0, 0, +INF, 0)
        1       ElecBalance(nime1,day,y3)
        1       CHP_MinElec(nime1,day,y3)
        1       CHP_MaxElec(nime1,day,y3)
       -1.3     CHP_UpperHeat(nime1,day,y3)
       -0.4     CHP_LowerHeat(nime1,day,y3)
       -2.8571  Gas_balance(nime1,day,y3)

REMAINING 25 ENTRIES SKIPPED

---- CHPheat  

CHPheat(nime1,day,y1)
                (.LO, .L, .UP, .M = 0, 0, +INF, 0)
        1       HeatBalance(nime1,day,y1)
        1       CHP_UpperHeat(nime1,day,y1)
        1       CHP_LowerHeat(nime1,day,y1)

CHPheat(nime1,day,y2)
                (.LO, .L, .UP, .M = 0, 0, +INF, 0)
        1       HeatBalance(nime1,day,y2)
        1       CHP_UpperHeat(nime1,day,y2)
        1       CHP_LowerHeat(nime1,day,y2)

CHPheat(nime1,day,y3)
                (.LO, .L, .UP, .M = 0, 0, +INF, 0)
        1       HeatBalance(nime1,day,y3)
        1       CHP_UpperHeat(nime1,day,y3)
        1       CHP_LowerHeat(nime1,day,y3)

REMAINING 25 ENTRIES SKIPPED

---- BoilerHeat  

BoilerHeat(nime1,day,y1)
                (.LO, .L, .UP, .M = 0, 0, +INF, 0)
        1       HeatBalance(nime1,day,y1)
        1       Boiler_limit(nime1,day,y1)
       -1.1111  Gas_balance(nime1,day,y1)

BoilerHeat(nime1,day,y2)
                (.LO, .L, .UP, .M = 0, 0, +INF, 0)
        1       HeatBalance(nime1,day,y2)
        1       Boiler_limit(nime1,day,y2)
       -1.1111  Gas_balance(nime1,day,y2)

BoilerHeat(nime1,day,y3)
                (.LO, .L, .UP, .M = 0, 0, +INF, 0)
        1       HeatBalance(nime1,day,y3)
        1       Boiler_limit(nime1,day,y3)
       -1.1111  Gas_balance(nime1,day,y3)

REMAINING 25 ENTRIES SKIPPED

---- ElecWH_Heat  

ElecWH_Heat(nime1,day,y1)
                (.LO, .L, .UP, .M = 0, 0, +INF, 0)
       -1.0309  ElecBalance(nime1,day,y1)
        1       HeatBalance(nime1,day,y1)
        1       ElecWH_limit(nime1,day,y1)

ElecWH_Heat(nime1,day,y2)
                (.LO, .L, .UP, .M = 0, 0, +INF, 0)
       -1.0309  ElecBalance(nime1,day,y2)
        1       HeatBalance(nime1,day,y2)
        1       ElecWH_limit(nime1,day,y2)

ElecWH_Heat(nime1,day,y3)
                (.LO, .L, .UP, .M = 0, 0, +INF, 0)
       -1.0309  ElecBalance(nime1,day,y3)
        1       HeatBalance(nime1,day,y3)
        1       ElecWH_limit(nime1,day,y3)

REMAINING 25 ENTRIES SKIPPED

---- GridElecBuy  

GridElecBuy(nime1,day,y1)
                (.LO, .L, .UP, .M = 0, 0, +INF, 0)
        1       ElecBalance(nime1,day,y1)
     -236.52    M
        1.498   Emission_Limit_Eq

GridElecBuy(nime1,day,y2)
                (.LO, .L, .UP, .M = 0, 0, +INF, 0)
        1       ElecBalance(nime1,day,y2)
     -236.52    M
        1.498   Emission_Limit_Eq

GridElecBuy(nime1,day,y3)
                (.LO, .L, .UP, .M = 0, 0, +INF, 0)
        1       ElecBalance(nime1,day,y3)
     -236.52    M
        1.498   Emission_Limit_Eq

REMAINING 25 ENTRIES SKIPPED

---- z  

z
                (.LO, .L, .UP, .M = -INF, 0, +INF, 0)
        1       M

GAMS 25.1.3  r4e34d435fbd Released Oct 30, 2018 WEX-WEI x86 64bit/MS Windows - 05/29/26 18:19:24 Page 4
G e n e r a l   A l g e b r a i c   M o d e l i n g   S y s t e m
Model Statistics    SOLVE osemosys Using LP From line 187


MODEL STATISTICS

BLOCKS OF EQUATIONS          12     SINGLE EQUATIONS          282
BLOCKS OF VARIABLES           9     SINGLE VARIABLES          201  1 projected
NON ZERO ELEMENTS           803


GENERATION TIME      =        0.000 SECONDS      4 MB  25.1.3 r4e34d435fbd WEX-WEI


EXECUTION TIME       =        0.000 SECONDS      4 MB  25.1.3 r4e34d435fbd WEX-WEI
GAMS 25.1.3  r4e34d435fbd Released Oct 30, 2018 WEX-WEI x86 64bit/MS Windows - 05/29/26 18:19:24 Page 5
G e n e r a l   A l g e b r a i c   M o d e l i n g   S y s t e m
Solution Report     SOLVE osemosys Using LP From line 187


               S O L V E      S U M M A R Y

     MODEL   osemosys            OBJECTIVE  z
     TYPE    LP                  DIRECTION  MINIMIZE
     SOLVER  CPLEX               FROM LINE  187

**** SOLVER STATUS     1 Normal Completion         
**** MODEL STATUS      1 Optimal                   
**** OBJECTIVE VALUE           963926.7047

 RESOURCE USAGE, LIMIT          0.000      1000.000
 ITERATION COUNT, LIMIT        91    2000000000

IBM ILOG CPLEX   25.1.3 r4e34d435fbd Released Oct 30, 2018 WEI x86 64bit/MS Wi
Cplex 12.8.0.0

Space for names approximately 0.02 Mb
Use option 'names no' to turn use of names off
LP status(1): optimal
Cplex Time: 0.00sec (det. 0.63 ticks)
Optimal solution found.
Objective :      963926.704719


---- EQU ElecBalance  

                      LOWER          LEVEL          UPPER         MARGINAL

nime1.day  .y1       233.3333       233.3333       233.3333       236.5200      
nime1.day  .y2       235.6667       235.6667       235.6667       236.5200      
nime1.day  .y3       238.0233       238.0233       238.0233       236.5200      
nime1.day  .y4       240.4036       240.4036       240.4036       236.5200      
nime1.day  .y5       242.8076       242.8076       242.8076       236.5200      
nime1.day  .y6       245.2357       245.2357       245.2357       236.5200      
nime1.day  .y7       247.6880       247.6880       247.6880       236.5200      
nime1.night.y1       140.0000       140.0000       140.0000       236.5200      
nime1.night.y2       141.4000       141.4000       141.4000       236.5200      
nime1.night.y3       142.8140       142.8140       142.8140       236.5200      
nime1.night.y4       144.2421       144.2421       144.2421       236.5200      
nime1.night.y5       145.6846       145.6846       145.6846       236.5200      
nime1.night.y6       147.1414       147.1414       147.1414       236.5200      
nime1.night.y7       148.6128       148.6128       148.6128       236.5200      
nime2.day  .y1       180.0000       180.0000       180.0000       157.6800      
nime2.day  .y2       181.8000       181.8000       181.8000       157.6800      
nime2.day  .y3       183.6180       183.6180       183.6180       157.6800      
nime2.day  .y4       185.4542       185.4542       185.4542       157.6800      
nime2.day  .y5       187.3087       187.3087       187.3087       157.6800      
nime2.day  .y6       189.1818       189.1818       189.1818       157.6800      
nime2.day  .y7       191.0736       191.0736       191.0736       157.6800      
nime2.night.y1       120.0000       120.0000       120.0000       150.1714      
nime2.night.y2       121.2000       121.2000       121.2000       150.1714      
nime2.night.y3       122.4120       122.4120       122.4120       150.1714      
nime2.night.y4       123.6361       123.6361       123.6361       150.1714      
nime2.night.y5       124.8725       124.8725       124.8725       150.1714      
nime2.night.y6       126.1212       126.1212       126.1212       150.1714      
nime2.night.y7       127.3824       127.3824       127.3824       150.1714      

---- EQU HeatBalance  

                      LOWER          LEVEL          UPPER         MARGINAL

nime1.day  .y1        20.0000        20.0000        20.0000       -28.1571      
nime1.day  .y2        20.2000        20.2000        20.2000       -28.1571      
nime1.day  .y3        20.4020        20.4020        20.4020       -28.1571      
nime1.day  .y4        20.6060        20.6060        20.6060       -28.1571      
nime1.day  .y5        20.8121        20.8121        20.8121       -28.1571      
nime1.day  .y6        21.0202        21.0202        21.0202       -28.1571      
nime1.day  .y7        21.2304        21.2304        21.2304       -28.1571      
nime1.night.y1          .              .              .           -28.1571      
nime1.night.y2          .              .              .           -28.1571      
nime1.night.y3          .              .              .           -28.1571      
nime1.night.y4          .              .              .           -28.1571      
nime1.night.y5          .              .              .           -28.1571      
nime1.night.y6          .              .              .           -28.1571      
nime1.night.y7          .              .              .           -28.1571      
nime2.day  .y1       200.0000       200.0000       200.0000         EPS         
nime2.day  .y2       202.0000       202.0000       202.0000         EPS         
nime2.day  .y3       204.0200       204.0200       204.0200         EPS         
nime2.day  .y4       206.0602       206.0602       206.0602         EPS         
nime2.day  .y5       208.1208       208.1208       208.1208         7.0013      
nime2.day  .y6       210.2020       210.2020       210.2020        58.4000      
nime2.day  .y7       212.3040       212.3040       212.3040        98.7346      
nime2.night.y1       140.0000       140.0000       140.0000         EPS         
nime2.night.y2       141.4000       141.4000       141.4000         EPS         
nime2.night.y3       142.8140       142.8140       142.8140         EPS         
nime2.night.y4       144.2421       144.2421       144.2421         EPS         
nime2.night.y5       145.6846       145.6846       145.6846         EPS         
nime2.night.y6       147.1414       147.1414       147.1414         EPS         
nime2.night.y7       148.6128       148.6128       148.6128         EPS         

---- EQU PV_limit  

                      LOWER          LEVEL          UPPER         MARGINAL

nime1.day  .y1        -INF             .              .          -236.5200      
nime1.day  .y2        -INF             .              .          -236.5200      
nime1.day  .y3        -INF             .              .          -236.5200      
nime1.day  .y4        -INF             .              .          -236.5200      
nime1.day  .y5        -INF             .              .          -236.5200      
nime1.day  .y6        -INF             .              .          -236.5200      
nime1.day  .y7        -INF             .              .          -236.5200      
nime1.night.y1        -INF             .              .          -236.5200      
nime1.night.y2        -INF             .              .          -236.5200      
nime1.night.y3        -INF             .              .          -236.5200      
nime1.night.y4        -INF             .              .          -236.5200      
nime1.night.y5        -INF             .              .          -236.5200      
nime1.night.y6        -INF             .              .          -236.5200      
nime1.night.y7        -INF             .              .          -236.5200      
nime2.day  .y1        -INF             .              .          -157.6800      
nime2.day  .y2        -INF             .              .          -157.6800      
nime2.day  .y3        -INF             .              .          -157.6800      
nime2.day  .y4        -INF             .              .          -157.6800      
nime2.day  .y5        -INF             .              .          -157.6800      
nime2.day  .y6        -INF             .              .          -157.6800      
nime2.day  .y7        -INF             .              .          -157.6800      
nime2.night.y1        -INF             .              .          -150.1714      
nime2.night.y2        -INF             .              .          -150.1714      
nime2.night.y3        -INF             .              .          -150.1714      
nime2.night.y4        -INF             .              .          -150.1714      
nime2.night.y5        -INF             .              .          -150.1714      
nime2.night.y6        -INF             .              .          -150.1714      
nime2.night.y7        -INF             .              .          -150.1714      

---- EQU CHP_MinElec  

                      LOWER          LEVEL          UPPER         MARGINAL

nime1.day  .y1          .           121.4701        +INF             .          
nime1.day  .y2          .           121.9701        +INF             .          
nime1.day  .y3          .           122.4751        +INF             .          
nime1.day  .y4          .           122.9851        +INF             .          
nime1.day  .y5          .           123.5003        +INF             .          
nime1.day  .y6          .           124.0206        +INF             .          
nime1.day  .y7          .           124.5461        +INF             .          
nime1.night.y1          .            71.4701        +INF             .          
nime1.night.y2          .            71.4701        +INF             .          
nime1.night.y3          .            71.4701        +INF             .          
nime1.night.y4          .            71.4701        +INF             .          
nime1.night.y5          .            71.4701        +INF             .          
nime1.night.y6          .            71.4701        +INF             .          
nime1.night.y7          .            71.4701        +INF             .          
nime2.day  .y1          .           131.5049        +INF             .          
nime2.day  .y2          .           131.5049        +INF             .          
nime2.day  .y3          .           131.5049        +INF             .          
nime2.day  .y4          .           131.5049        +INF             .          
nime2.day  .y5          .           131.5049        +INF             .          
nime2.day  .y6          .           131.5049        +INF             .          
nime2.day  .y7          .           131.5049        +INF             .          
nime2.night.y1          .            91.4120        +INF             .          
nime2.night.y2          .            92.6120        +INF             .          
nime2.night.y3          .            93.8240        +INF             .          
nime2.night.y4          .            95.0481        +INF             .          
nime2.night.y5          .            96.2845        +INF             .          
nime2.night.y6          .            97.5332        +INF             .          
nime2.night.y7          .            98.7944        +INF             .          

---- EQU CHP_MaxElec  

                      LOWER          LEVEL          UPPER         MARGINAL

nime1.day  .y1        -INF          -10.0348          .              .          
nime1.day  .y2        -INF           -9.5348          .              .          
nime1.day  .y3        -INF           -9.0298          .              .          
nime1.day  .y4        -INF           -8.5198          .              .          
nime1.day  .y5        -INF           -8.0046          .              .          
nime1.day  .y6        -INF           -7.4843          .              .          
nime1.day  .y7        -INF           -6.9588          .              .          
nime1.night.y1        -INF          -60.0348          .              .          
nime1.night.y2        -INF          -60.0348          .              .          
nime1.night.y3        -INF          -60.0348          .              .          
nime1.night.y4        -INF          -60.0348          .              .          
nime1.night.y5        -INF          -60.0348          .              .          
nime1.night.y6        -INF          -60.0348          .              .          
nime1.night.y7        -INF          -60.0348          .              .          
nime2.day  .y1        -INF             .              .            -7.5086      
nime2.day  .y2        -INF             .              .            -7.5086      
nime2.day  .y3        -INF             .              .            -7.5086      
nime2.day  .y4        -INF             .              .            -7.5086      
nime2.day  .y5        -INF             .              .           -16.6103      
nime2.day  .y6        -INF             .              .           -83.4286      
nime2.day  .y7        -INF             .              .          -135.8636      
nime2.night.y1        -INF          -40.0929          .              .          
nime2.night.y2        -INF          -38.8929          .              .          
nime2.night.y3        -INF          -37.6809          .              .          
nime2.night.y4        -INF          -36.4568          .              .          
nime2.night.y5        -INF          -35.2204          .              .          
nime2.night.y6        -INF          -33.9717          .              .          
nime2.night.y7        -INF          -32.7105          .              .          

---- EQU CHP_UpperHeat  

                      LOWER          LEVEL          UPPER         MARGINAL

nime1.day  .y1        -INF         -175.0755          .              .          
nime1.day  .y2        -INF         -175.5255          .              .          
nime1.day  .y3        -INF         -175.9800          .              .          
nime1.day  .y4        -INF         -176.4390          .              .          
nime1.day  .y5        -INF         -176.9027          .              .          
nime1.day  .y6        -INF         -177.3710          .              .          
nime1.day  .y7        -INF         -177.8439          .              .          
nime1.night.y1        -INF         -130.0755          .              .          
nime1.night.y2        -INF         -130.0755          .              .          
nime1.night.y3        -INF         -130.0755          .              .          
nime1.night.y4        -INF         -130.0755          .              .          
nime1.night.y5        -INF         -130.0755          .              .          
nime1.night.y6        -INF         -130.0755          .              .          
nime1.night.y7        -INF         -130.0755          .              .          
nime2.day  .y1        -INF           -8.1208          .              .          
nime2.day  .y2        -INF           -6.1208          .              .          
nime2.day  .y3        -INF           -4.1008          .              .          
nime2.day  .y4        -INF           -2.0606          .              .          
nime2.day  .y5        -INF             .              .            -7.0013      
nime2.day  .y6        -INF             .              .           -58.4000      
nime2.day  .y7        -INF             .              .           -98.7346      
nime2.night.y1        -INF          -16.0000          .              .          
nime2.night.y2        -INF          -16.1600          .              .          
nime2.night.y3        -INF          -16.3216          .              .          
nime2.night.y4        -INF          -16.4848          .              .          
nime2.night.y5        -INF          -16.6497          .              .          
nime2.night.y6        -INF          -16.8162          .              .          
nime2.night.y7        -INF          -16.9843          .              .          

---- EQU CHP_LowerHeat  

                      LOWER          LEVEL          UPPER         MARGINAL

nime1.day  .y1          .              .            +INF           28.1571      
nime1.day  .y2          .              .            +INF           28.1571      
nime1.day  .y3          .              .            +INF           28.1571      
nime1.day  .y4          .              .            +INF           28.1571      
nime1.day  .y5          .              .            +INF           28.1571      
nime1.day  .y6          .              .            +INF           28.1571      
nime1.day  .y7          .              .            +INF           28.1571      
nime1.night.y1          .              .            +INF           28.1571      
nime1.night.y2          .              .            +INF           28.1571      
nime1.night.y3          .              .            +INF           28.1571      
nime1.night.y4          .              .            +INF           28.1571      
nime1.night.y5          .              .            +INF           28.1571      
nime1.night.y6          .              .            +INF           28.1571      
nime1.night.y7          .              .            +INF           28.1571      
nime2.day  .y1          .           175.9861        +INF             .          
nime2.day  .y2          .           177.9861        +INF             .          
nime2.day  .y3          .           180.0061        +INF             .          
nime2.day  .y4          .           182.0463        +INF             .          
nime2.day  .y5          .           184.1069        +INF             .          
nime2.day  .y6          .           184.1069        +INF             .          
nime2.day  .y7          .           184.1069        +INF             .          
nime2.night.y1          .           132.0232        +INF             .          
nime2.night.y2          .           132.9432        +INF             .          
nime2.night.y3          .           133.8724        +INF             .          
nime2.night.y4          .           134.8109        +INF             .          
nime2.night.y5          .           135.7588        +INF             .          
nime2.night.y6          .           136.7162        +INF             .          
nime2.night.y7          .           137.6831        +INF             .          

---- EQU Boiler_limit  

                      LOWER          LEVEL          UPPER         MARGINAL

nime1.day  .y1        -INF           -4.1832          .              .          
nime1.day  .y2        -INF           -4.1832          .              .          
nime1.day  .y3        -INF           -4.1832          .              .          
nime1.day  .y4        -INF           -4.1832          .              .          
nime1.day  .y5        -INF           -4.1832          .              .          
nime1.day  .y6        -INF           -4.1832          .              .          
nime1.day  .y7        -INF           -4.1832          .              .          
nime1.night.y1        -INF           -4.1832          .              .          
nime1.night.y2        -INF           -4.1832          .              .          
nime1.night.y3        -INF           -4.1832          .              .          
nime1.night.y4        -INF           -4.1832          .              .          
nime1.night.y5        -INF           -4.1832          .              .          
nime1.night.y6        -INF           -4.1832          .              .          
nime1.night.y7        -INF           -4.1832          .              .          
nime2.day  .y1        -INF           -4.1832          .              .          
nime2.day  .y2        -INF           -4.1832          .              .          
nime2.day  .y3        -INF           -4.1832          .              .          
nime2.day  .y4        -INF           -4.1832          .              .          
nime2.day  .y5        -INF           -4.1832          .              .          
nime2.day  .y6        -INF           -2.1020          .              .          
nime2.day  .y7        -INF             .              .           -40.3346      
nime2.night.y1        -INF           -4.1832          .              .          
nime2.night.y2        -INF           -4.1832          .              .          
nime2.night.y3        -INF           -4.1832          .              .          
nime2.night.y4        -INF           -4.1832          .              .          
nime2.night.y5        -INF           -4.1832          .              .          
nime2.night.y6        -INF           -4.1832          .              .          
nime2.night.y7        -INF           -4.1832          .              .          

---- EQU ElecWH_limit  

                      LOWER          LEVEL          UPPER         MARGINAL

nime1.day  .y1        -INF             .              .              .          
nime1.day  .y2        -INF             .              .              .          
nime1.day  .y3        -INF             .              .              .          
nime1.day  .y4        -INF             .              .              .          
nime1.day  .y5        -INF             .              .              .          
nime1.day  .y6        -INF             .              .              .          
nime1.day  .y7        -INF             .              .              .          
nime1.night.y1        -INF             .              .              .          
nime1.night.y2        -INF             .              .              .          
nime1.night.y3        -INF             .              .              .          
nime1.night.y4        -INF             .              .              .          
nime1.night.y5        -INF             .              .              .          
nime1.night.y6        -INF             .              .              .          
nime1.night.y7        -INF             .              .              .          
nime2.day  .y1        -INF             .              .              .          
nime2.day  .y2        -INF             .              .              .          
nime2.day  .y3        -INF             .              .              .          
nime2.day  .y4        -INF             .              .              .          
nime2.day  .y5        -INF             .              .              .          
nime2.day  .y6        -INF             .              .              .          
nime2.day  .y7        -INF             .              .              .          
nime2.night.y1        -INF             .              .              .          
nime2.night.y2        -INF             .              .              .          
nime2.night.y3        -INF             .              .              .          
nime2.night.y4        -INF             .              .              .          
nime2.night.y5        -INF             .              .              .          
nime2.night.y6        -INF             .              .              .          
nime2.night.y7        -INF             .              .              .          

---- EQU Gas_balance  

                      LOWER          LEVEL          UPPER         MARGINAL

nime1.day  .y1          .              .              .            78.8400      
nime1.day  .y2          .              .              .            78.8400      
nime1.day  .y3          .              .              .            78.8400      
nime1.day  .y4          .              .              .            78.8400      
nime1.day  .y5          .              .              .            78.8400      
nime1.day  .y6          .              .              .            78.8400      
nime1.day  .y7          .              .              .            78.8400      
nime1.night.y1          .              .              .            78.8400      
nime1.night.y2          .              .              .            78.8400      
nime1.night.y3          .              .              .            78.8400      
nime1.night.y4          .              .              .            78.8400      
nime1.night.y5          .              .              .            78.8400      
nime1.night.y6          .              .              .            78.8400      
nime1.night.y7          .              .              .            78.8400      
nime2.day  .y1          .              .              .            52.5600      
nime2.day  .y2          .              .              .            52.5600      
nime2.day  .y3          .              .              .            52.5600      
nime2.day  .y4          .              .              .            52.5600      
nime2.day  .y5          .              .              .            52.5600      
nime2.day  .y6          .              .              .            52.5600      
nime2.day  .y7          .              .              .            52.5600      
nime2.night.y1          .              .              .            52.5600      
nime2.night.y2          .              .              .            52.5600      
nime2.night.y3          .              .              .            52.5600      
nime2.night.y4          .              .              .            52.5600      
nime2.night.y5          .              .              .            52.5600      
nime2.night.y6          .              .              .            52.5600      
nime2.night.y7          .              .              .            52.5600      

                           LOWER          LEVEL          UPPER         MARGINAL

---- EQU M               5000.0000      5000.0000      5000.0000         1.0000      
---- EQU Emission_~        -INF         6334.1618        +INF             .          

---- VAR GridGasBuy  

                      LOWER          LEVEL          UPPER         MARGINAL

nime1.day  .y1          .           428.7374        +INF             .          
nime1.day  .y2          .           430.1659        +INF             .          
nime1.day  .y3          .           431.6088        +INF             .          
nime1.day  .y4          .           433.0661        +INF             .          
nime1.day  .y5          .           434.5379        +INF             .          
nime1.day  .y6          .           436.0245        +INF             .          
nime1.day  .y7          .           437.5260        +INF             .          
nime1.night.y1          .           285.8802        +INF             .          
nime1.night.y2          .           285.8802        +INF             .          
nime1.night.y3          .           285.8802        +INF             .          
nime1.night.y4          .           285.8802        +INF             .          
nime1.night.y5          .           285.8802        +INF             .          
nime1.night.y6          .           285.8802        +INF             .          
nime1.night.y7          .           285.8802        +INF             .          
nime2.day  .y1          .           457.4084        +INF             .          
nime2.day  .y2          .           457.4084        +INF             .          
nime2.day  .y3          .           457.4084        +INF             .          
nime2.day  .y4          .           457.4084        +INF             .          
nime2.day  .y5          .           457.4084        +INF             .          
nime2.day  .y6          .           459.7208        +INF             .          
nime2.day  .y7          .           462.0564        +INF             .          
nime2.night.y1          .           342.8571        +INF             .          
nime2.night.y2          .           346.2857        +INF             .          
nime2.night.y3          .           349.7486        +INF             .          
nime2.night.y4          .           353.2461        +INF             .          
nime2.night.y5          .           356.7785        +INF             .          
nime2.night.y6          .           360.3463        +INF             .          
nime2.night.y7          .           363.9498        +INF             .          

---- VAR Cap  

                       LOWER          LEVEL          UPPER         MARGINAL

PV                       .           100.0000       100.0000      -433.9612      
CHP                   100.0000       200.1162       700.0000          .          
Boiler                   .             4.4034       300.0000          .          
ElecWaterHeater          .              .          3000.0000        20.1082      

---- VAR PVgen  

                      LOWER          LEVEL          UPPER         MARGINAL

nime1.day  .y1          .            24.7000        +INF             .          
nime1.day  .y2          .            24.7000        +INF             .          
nime1.day  .y3          .            24.7000        +INF             .          
nime1.day  .y4          .            24.7000        +INF             .          
nime1.day  .y5          .            24.7000        +INF             .          
nime1.day  .y6          .            24.7000        +INF             .          
nime1.day  .y7          .            24.7000        +INF             .          
nime1.night.y1          .              .            +INF             .          
nime1.night.y2          .              .            +INF             .          
nime1.night.y3          .              .            +INF             .          
nime1.night.y4          .              .            +INF             .          
nime1.night.y5          .              .            +INF             .          
nime1.night.y6          .              .            +INF             .          
nime1.night.y7          .              .            +INF             .          
nime2.day  .y1          .            11.4000        +INF             .          
nime2.day  .y2          .            11.4000        +INF             .          
nime2.day  .y3          .            11.4000        +INF             .          
nime2.day  .y4          .            11.4000        +INF             .          
nime2.day  .y5          .            11.4000        +INF             .          
nime2.day  .y6          .            11.4000        +INF             .          
nime2.day  .y7          .            11.4000        +INF             .          
nime2.night.y1          .              .            +INF             .          
nime2.night.y2          .              .            +INF             .          
nime2.night.y3          .              .            +INF             .          
nime2.night.y4          .              .            +INF             .          
nime2.night.y5          .              .            +INF             .          
nime2.night.y6          .              .            +INF             .          
nime2.night.y7          .              .            +INF             .          

---- VAR CHPelec  

                      LOWER          LEVEL          UPPER         MARGINAL

nime1.day  .y1          .           150.0581        +INF             .          
nime1.day  .y2          .           150.5581        +INF             .          
nime1.day  .y3          .           151.0631        +INF             .          
nime1.day  .y4          .           151.5731        +INF             .          
nime1.day  .y5          .           152.0883        +INF             .          
nime1.day  .y6          .           152.6086        +INF             .          
nime1.day  .y7          .           153.1341        +INF             .          
nime1.night.y1          .           100.0581        +INF             .          
nime1.night.y2          .           100.0581        +INF             .          
nime1.night.y3          .           100.0581        +INF             .          
nime1.night.y4          .           100.0581        +INF             .          
nime1.night.y5          .           100.0581        +INF             .          
nime1.night.y6          .           100.0581        +INF             .          
nime1.night.y7          .           100.0581        +INF             .          
nime2.day  .y1          .           160.0929        +INF             .          
nime2.day  .y2          .           160.0929        +INF             .          
nime2.day  .y3          .           160.0929        +INF             .          
nime2.day  .y4          .           160.0929        +INF             .          
nime2.day  .y5          .           160.0929        +INF             .          
nime2.day  .y6          .           160.0929        +INF             .          
nime2.day  .y7          .           160.0929        +INF             .          
nime2.night.y1          .           120.0000        +INF             .          
nime2.night.y2          .           121.2000        +INF             .          
nime2.night.y3          .           122.4120        +INF             .          
nime2.night.y4          .           123.6361        +INF             .          
nime2.night.y5          .           124.8725        +INF             .          
nime2.night.y6          .           126.1212        +INF             .          
nime2.night.y7          .           127.3824        +INF             .          

---- VAR CHPheat  

                      LOWER          LEVEL          UPPER         MARGINAL

nime1.day  .y1          .            20.0000        +INF             .          
nime1.day  .y2          .            20.2000        +INF             .          
nime1.day  .y3          .            20.4020        +INF             .          
nime1.day  .y4          .            20.6060        +INF             .          
nime1.day  .y5          .            20.8121        +INF             .          
nime1.day  .y6          .            21.0202        +INF             .          
nime1.day  .y7          .            21.2304        +INF             .          
nime1.night.y1          .              .            +INF             .          
nime1.night.y2          .              .            +INF             .          
nime1.night.y3          .              .            +INF             .          
nime1.night.y4          .              .            +INF             .          
nime1.night.y5          .              .            +INF             .          
nime1.night.y6          .              .            +INF             .          
nime1.night.y7          .              .            +INF             .          
nime2.day  .y1          .           200.0000        +INF             .          
nime2.day  .y2          .           202.0000        +INF             .          
nime2.day  .y3          .           204.0200        +INF             .          
nime2.day  .y4          .           206.0602        +INF             .          
nime2.day  .y5          .           208.1208        +INF             .          
nime2.day  .y6          .           208.1208        +INF             .          
nime2.day  .y7          .           208.1208        +INF             .          
nime2.night.y1          .           140.0000        +INF             .          
nime2.night.y2          .           141.4000        +INF             .          
nime2.night.y3          .           142.8140        +INF             .          
nime2.night.y4          .           144.2421        +INF             .          
nime2.night.y5          .           145.6846        +INF             .          
nime2.night.y6          .           147.1414        +INF             .          
nime2.night.y7          .           148.6128        +INF             .          

---- VAR BoilerHeat  

                      LOWER          LEVEL          UPPER         MARGINAL

nime1.day  .y1          .              .            +INF          115.7571      
nime1.day  .y2          .              .            +INF          115.7571      
nime1.day  .y3          .              .            +INF          115.7571      
nime1.day  .y4          .              .            +INF          115.7571      
nime1.day  .y5          .              .            +INF          115.7571      
nime1.day  .y6          .              .            +INF          115.7571      
nime1.day  .y7          .              .            +INF          115.7571      
nime1.night.y1          .              .            +INF          115.7571      
nime1.night.y2          .              .            +INF          115.7571      
nime1.night.y3          .              .            +INF          115.7571      
nime1.night.y4          .              .            +INF          115.7571      
nime1.night.y5          .              .            +INF          115.7571      
nime1.night.y6          .              .            +INF          115.7571      
nime1.night.y7          .              .            +INF          115.7571      
nime2.day  .y1          .              .            +INF           58.4000      
nime2.day  .y2          .              .            +INF           58.4000      
nime2.day  .y3          .              .            +INF           58.4000      
nime2.day  .y4          .              .            +INF           58.4000      
nime2.day  .y5          .              .            +INF           51.3987      
nime2.day  .y6          .             2.0812        +INF             .          
nime2.day  .y7          .             4.1832        +INF             .          
nime2.night.y1          .              .            +INF           58.4000      
nime2.night.y2          .              .            +INF           58.4000      
nime2.night.y3          .              .            +INF           58.4000      
nime2.night.y4          .              .            +INF           58.4000      
nime2.night.y5          .              .            +INF           58.4000      
nime2.night.y6          .              .            +INF           58.4000      
nime2.night.y7          .              .            +INF           58.4000      

---- VAR ElecWH_Heat  

                      LOWER          LEVEL          UPPER         MARGINAL

nime1.day  .y1          .              .            +INF          271.9922      
nime1.day  .y2          .              .            +INF          271.9922      
nime1.day  .y3          .              .            +INF          271.9922      
nime1.day  .y4          .              .            +INF          271.9922      
nime1.day  .y5          .              .            +INF          271.9922      
nime1.day  .y6          .              .            +INF          271.9922      
nime1.day  .y7          .              .            +INF          271.9922      
nime1.night.y1          .              .            +INF          271.9922      
nime1.night.y2          .              .            +INF          271.9922      
nime1.night.y3          .              .            +INF          271.9922      
nime1.night.y4          .              .            +INF          271.9922      
nime1.night.y5          .              .            +INF          271.9922      
nime1.night.y6          .              .            +INF          271.9922      
nime1.night.y7          .              .            +INF          271.9922      
nime2.day  .y1          .              .            +INF          162.5567      
nime2.day  .y2          .              .            +INF          162.5567      
nime2.day  .y3          .              .            +INF          162.5567      
nime2.day  .y4          .              .            +INF          162.5567      
nime2.day  .y5          .              .            +INF          155.5554      
nime2.day  .y6          .              .            +INF          104.1567      
nime2.day  .y7          .              .            +INF           63.8221      
nime2.night.y1          .              .            +INF          154.8159      
nime2.night.y2          .              .            +INF          154.8159      
nime2.night.y3          .              .            +INF          154.8159      
nime2.night.y4          .              .            +INF          154.8159      
nime2.night.y5          .              .            +INF          154.8159      
nime2.night.y6          .              .            +INF          154.8159      
nime2.night.y7          .              .            +INF          154.8159      

---- VAR GridElecBuy  

                      LOWER          LEVEL          UPPER         MARGINAL

nime1.day  .y1          .            58.5753        +INF             .          
nime1.day  .y2          .            60.4086        +INF             .          
nime1.day  .y3          .            62.2603        +INF             .          
nime1.day  .y4          .            64.1304        +INF             .          
nime1.day  .y5          .            66.0193        +INF             .          
nime1.day  .y6          .            67.9271        +INF             .          
nime1.day  .y7          .            69.8539        +INF             .          
nime1.night.y1          .            39.9419        +INF             .          
nime1.night.y2          .            41.3419        +INF             .          
nime1.night.y3          .            42.7559        +INF             .          
nime1.night.y4          .            44.1841        +INF             .          
nime1.night.y5          .            45.6265        +INF             .          
nime1.night.y6          .            47.0833        +INF             .          
nime1.night.y7          .            48.5547        +INF             .          
nime2.day  .y1          .             8.5071        +INF             .          
nime2.day  .y2          .            10.3071        +INF             .          
nime2.day  .y3          .            12.1251        +INF             .          
nime2.day  .y4          .            13.9613        +INF             .          
nime2.day  .y5          .            15.8158        +INF             .          
nime2.day  .y6          .            17.6889        +INF             .          
nime2.day  .y7          .            19.5807        +INF             .          
nime2.night.y1          .              .            +INF            7.5086      
nime2.night.y2          .              .            +INF            7.5086      
nime2.night.y3          .              .            +INF            7.5086      
nime2.night.y4          .              .            +INF            7.5086      
nime2.night.y5          .              .            +INF            7.5086      
nime2.night.y6          .              .            +INF            7.5086      
nime2.night.y7          .              .            +INF            7.5086      

                           LOWER          LEVEL          UPPER         MARGINAL

---- VAR z                 -INF       963926.7047        +INF             .          


**** REPORT SUMMARY :        0     NONOPT
                             0 INFEASIBLE
                             0  UNBOUNDED
GAMS 25.1.3  r4e34d435fbd Released Oct 30, 2018 WEX-WEI x86 64bit/MS Windows - 05/29/26 18:19:24 Page 6
G e n e r a l   A l g e b r a i c   M o d e l i n g   S y s t e m
Equation Listing    SOLVE osemosys Using LP From line 197


---- ElecBalance  =E=  

ElecBalance(nime1,day,y1)..  PVgen(nime1,day,y1) + CHPelec(nime1,day,y1) - 1.03092783505155*ElecWH_Heat(nime1,day,y1) + GridElecBuy(nime1,day,y1) =E= 233.333333333333 ; (LHS = 233.333333333333)
     
ElecBalance(nime1,day,y2)..  PVgen(nime1,day,y2) + CHPelec(nime1,day,y2) - 1.03092783505155*ElecWH_Heat(nime1,day,y2) + GridElecBuy(nime1,day,y2) =E= 235.666666666667 ; (LHS = 235.666666666667)
     
ElecBalance(nime1,day,y3)..  PVgen(nime1,day,y3) + CHPelec(nime1,day,y3) - 1.03092783505155*ElecWH_Heat(nime1,day,y3) + GridElecBuy(nime1,day,y3) =E= 238.023333333333 ; (LHS = 238.023333333333)
     
REMAINING 25 ENTRIES SKIPPED


---- HeatBalance  =E=  

HeatBalance(nime1,day,y1)..  CHPheat(nime1,day,y1) + BoilerHeat(nime1,day,y1) + ElecWH_Heat(nime1,day,y1) =E= 20 ; (LHS = 20)
     
HeatBalance(nime1,day,y2)..  CHPheat(nime1,day,y2) + BoilerHeat(nime1,day,y2) + ElecWH_Heat(nime1,day,y2) =E= 20.2 ; (LHS = 20.2)
     
HeatBalance(nime1,day,y3)..  CHPheat(nime1,day,y3) + BoilerHeat(nime1,day,y3) + ElecWH_Heat(nime1,day,y3) =E= 20.402 ; (LHS = 20.402)
     
REMAINING 25 ENTRIES SKIPPED


---- PV_limit  =L=  

PV_limit(nime1,day,y1)..  - 0.247*Cap(PV) + PVgen(nime1,day,y1) =L= 0 ; (LHS = 0)
     
PV_limit(nime1,day,y2)..  - 0.247*Cap(PV) + PVgen(nime1,day,y2) =L= 0 ; (LHS = 0)
     
PV_limit(nime1,day,y3)..  - 0.247*Cap(PV) + PVgen(nime1,day,y3) =L= 0 ; (LHS = 0)
     
REMAINING 25 ENTRIES SKIPPED


---- CHP_MinElec  =G=  

CHP_MinElec(nime1,day,y1)..  - 0.142857142857143*Cap(CHP) + CHPelec(nime1,day,y1) =G= 0 ; (LHS = 121.470055631868)
     
CHP_MinElec(nime1,day,y2)..  - 0.142857142857143*Cap(CHP) + CHPelec(nime1,day,y2) =G= 0 ; (LHS = 121.970055631868)
     
CHP_MinElec(nime1,day,y3)..  - 0.142857142857143*Cap(CHP) + CHPelec(nime1,day,y3) =G= 0 ; (LHS = 122.475055631868)
     
REMAINING 25 ENTRIES SKIPPED


---- CHP_MaxElec  =L=  

CHP_MaxElec(nime1,day,y1)..  - 0.8*Cap(CHP) + CHPelec(nime1,day,y1) =L= 0 ; (LHS = -10.0348467307692)
     
CHP_MaxElec(nime1,day,y2)..  - 0.8*Cap(CHP) + CHPelec(nime1,day,y2) =L= 0 ; (LHS = -9.53484673076923)
     
CHP_MaxElec(nime1,day,y3)..  - 0.8*Cap(CHP) + CHPelec(nime1,day,y3) =L= 0 ; (LHS = -9.02984673076924)
     
REMAINING 25 ENTRIES SKIPPED


---- CHP_UpperHeat  =L=  

CHP_UpperHeat(nime1,day,y1)..  - 1.3*CHPelec(nime1,day,y1) + CHPheat(nime1,day,y1) =L= 0 ; (LHS = -175.07550125)
     
CHP_UpperHeat(nime1,day,y2)..  - 1.3*CHPelec(nime1,day,y2) + CHPheat(nime1,day,y2) =L= 0 ; (LHS = -175.52550125)
     
CHP_UpperHeat(nime1,day,y3)..  - 1.3*CHPelec(nime1,day,y3) + CHPheat(nime1,day,y3) =L= 0 ; (LHS = -175.98000125)
     
REMAINING 25 ENTRIES SKIPPED


---- CHP_LowerHeat  =G=  

CHP_LowerHeat(nime1,day,y1)..  0.2*Cap(CHP) - 0.4*CHPelec(nime1,day,y1) + CHPheat(nime1,day,y1) =G= 0 ; (LHS = 0)
     
CHP_LowerHeat(nime1,day,y2)..  0.2*Cap(CHP) - 0.4*CHPelec(nime1,day,y2) + CHPheat(nime1,day,y2) =G= 0 ; (LHS = 0)
     
CHP_LowerHeat(nime1,day,y3)..  0.2*Cap(CHP) - 0.4*CHPelec(nime1,day,y3) + CHPheat(nime1,day,y3) =G= 0 ; (LHS = 0)
     
REMAINING 25 ENTRIES SKIPPED


---- Boiler_limit  =L=  

Boiler_limit(nime1,day,y1)..  - 0.95*Cap(Boiler) + BoilerHeat(nime1,day,y1) =L= 0 ; (LHS = -4.18322812020003)
     
Boiler_limit(nime1,day,y2)..  - 0.95*Cap(Boiler) + BoilerHeat(nime1,day,y2) =L= 0 ; (LHS = -4.18322812020003)
     
Boiler_limit(nime1,day,y3)..  - 0.95*Cap(Boiler) + BoilerHeat(nime1,day,y3) =L= 0 ; (LHS = -4.18322812020003)
     
REMAINING 25 ENTRIES SKIPPED


---- ElecWH_limit  =L=  

ElecWH_limit(nime1,day,y1)..  - 0.95*Cap(ElecWaterHeater) + ElecWH_Heat(nime1,day,y1) =L= 0 ; (LHS = 0)
     
ElecWH_limit(nime1,day,y2)..  - 0.95*Cap(ElecWaterHeater) + ElecWH_Heat(nime1,day,y2) =L= 0 ; (LHS = 0)
     
ElecWH_limit(nime1,day,y3)..  - 0.95*Cap(ElecWaterHeater) + ElecWH_Heat(nime1,day,y3) =L= 0 ; (LHS = 0)
     
REMAINING 25 ENTRIES SKIPPED


---- Gas_balance  =E=  

Gas_balance(nime1,day,y1)..  GridGasBuy(nime1,day,y1) - 2.85714285714286*CHPelec(nime1,day,y1) - 1.11111111111111*BoilerHeat(nime1,day,y1) =E= 0 ; (LHS = 0)
     
Gas_balance(nime1,day,y2)..  GridGasBuy(nime1,day,y2) - 2.85714285714286*CHPelec(nime1,day,y2) - 1.11111111111111*BoilerHeat(nime1,day,y2) =E= 0 ; (LHS = 0)
     
Gas_balance(nime1,day,y3)..  GridGasBuy(nime1,day,y3) - 2.85714285714286*CHPelec(nime1,day,y3) - 1.11111111111111*BoilerHeat(nime1,day,y3) =E= 0 ; (LHS = 0)
     
REMAINING 25 ENTRIES SKIPPED


---- M  =E=  

M..  - 127.40544*GridGasBuy(nime1,day,y1) - 127.40544*GridGasBuy(nime1,day,y2) - 127.40544*GridGasBuy(nime1,day,y3) - 127.40544*GridGasBuy(nime1,day,y4) - 127.40544*GridGasBuy(nime1,day,y5) - 127.40544*GridGasBuy(nime1,day,y6)
     
      - 127.40544*GridGasBuy(nime1,day,y7) - 127.40544*GridGasBuy(nime1,night,y1) - 127.40544*GridGasBuy(nime1,night,y2) - 127.40544*GridGasBuy(nime1,night,y3) - 127.40544*GridGasBuy(nime1,night,y4) - 127.40544*GridGasBuy(nime1,night,y5)
     
      - 127.40544*GridGasBuy(nime1,night,y6) - 127.40544*GridGasBuy(nime1,night,y7) - 84.93696*GridGasBuy(nime2,day,y1) - 84.93696*GridGasBuy(nime2,day,y2) - 84.93696*GridGasBuy(nime2,day,y3) - 84.93696*GridGasBuy(nime2,day,y4)
     
      - 84.93696*GridGasBuy(nime2,day,y5) - 84.93696*GridGasBuy(nime2,day,y6) - 84.93696*GridGasBuy(nime2,day,y7) - 84.93696*GridGasBuy(nime2,night,y1) - 84.93696*GridGasBuy(nime2,night,y2) - 84.93696*GridGasBuy(nime2,night,y3)
     
      - 84.93696*GridGasBuy(nime2,night,y4) - 84.93696*GridGasBuy(nime2,night,y5) - 84.93696*GridGasBuy(nime2,night,y6) - 84.93696*GridGasBuy(nime2,night,y7) - 100.810517220666*Cap(PV) - 291.589388614883*Cap(CHP) - 38.3178777229767*Cap(Boiler)
     
      - 20.1082386386025*Cap(ElecWaterHeater) - 362.34864*GridElecBuy(nime1,day,y1) - 362.34864*GridElecBuy(nime1,day,y2) - 362.34864*GridElecBuy(nime1,day,y3) - 362.34864*GridElecBuy(nime1,day,y4) - 362.34864*GridElecBuy(nime1,day,y5)
     
      - 362.34864*GridElecBuy(nime1,day,y6) - 362.34864*GridElecBuy(nime1,day,y7) - 362.34864*GridElecBuy(nime1,night,y1) - 362.34864*GridElecBuy(nime1,night,y2) - 362.34864*GridElecBuy(nime1,night,y3) - 362.34864*GridElecBuy(nime1,night,y4)
     
      - 362.34864*GridElecBuy(nime1,night,y5) - 362.34864*GridElecBuy(nime1,night,y6) - 362.34864*GridElecBuy(nime1,night,y7) - 241.56576*GridElecBuy(nime2,day,y1) - 241.56576*GridElecBuy(nime2,day,y2) - 241.56576*GridElecBuy(nime2,day,y3)
     
      - 241.56576*GridElecBuy(nime2,day,y4) - 241.56576*GridElecBuy(nime2,day,y5) - 241.56576*GridElecBuy(nime2,day,y6) - 241.56576*GridElecBuy(nime2,day,y7) - 241.56576*GridElecBuy(nime2,night,y1) - 241.56576*GridElecBuy(nime2,night,y2)
     
      - 241.56576*GridElecBuy(nime2,night,y3) - 241.56576*GridElecBuy(nime2,night,y4) - 241.56576*GridElecBuy(nime2,night,y5) - 241.56576*GridElecBuy(nime2,night,y6) - 241.56576*GridElecBuy(nime2,night,y7) + z =E= 5000 ;
     
      (LHS = -527069.594686915, INFES = 532069.594686915 ****)
     

---- Emission_Limit_Eq  =L=  

Emission_Limit_Eq..  0.57816*GridGasBuy(nime1,day,y1) + 0.57816*GridGasBuy(nime1,day,y2) + 0.57816*GridGasBuy(nime1,day,y3) + 0.57816*GridGasBuy(nime1,day,y4) + 0.57816*GridGasBuy(nime1,day,y5) + 0.57816*GridGasBuy(nime1,day,y6)
     
      + 0.57816*GridGasBuy(nime1,day,y7) + 0.57816*GridGasBuy(nime1,night,y1) + 0.57816*GridGasBuy(nime1,night,y2) + 0.57816*GridGasBuy(nime1,night,y3) + 0.57816*GridGasBuy(nime1,night,y4) + 0.57816*GridGasBuy(nime1,night,y5)
     
      + 0.57816*GridGasBuy(nime1,night,y6) + 0.57816*GridGasBuy(nime1,night,y7) + 0.38544*GridGasBuy(nime2,day,y1) + 0.38544*GridGasBuy(nime2,day,y2) + 0.38544*GridGasBuy(nime2,day,y3) + 0.38544*GridGasBuy(nime2,day,y4) + 0.38544*GridGasBuy(nime2,day,y5)
     
      + 0.38544*GridGasBuy(nime2,day,y6) + 0.38544*GridGasBuy(nime2,day,y7) + 0.38544*GridGasBuy(nime2,night,y1) + 0.38544*GridGasBuy(nime2,night,y2) + 0.38544*GridGasBuy(nime2,night,y3) + 0.38544*GridGasBuy(nime2,night,y4)
     
      + 0.38544*GridGasBuy(nime2,night,y5) + 0.38544*GridGasBuy(nime2,night,y6) + 0.38544*GridGasBuy(nime2,night,y7) + 1.49796*GridElecBuy(nime1,day,y1) + 1.49796*GridElecBuy(nime1,day,y2) + 1.49796*GridElecBuy(nime1,day,y3)
     
      + 1.49796*GridElecBuy(nime1,day,y4) + 1.49796*GridElecBuy(nime1,day,y5) + 1.49796*GridElecBuy(nime1,day,y6) + 1.49796*GridElecBuy(nime1,day,y7) + 1.49796*GridElecBuy(nime1,night,y1) + 1.49796*GridElecBuy(nime1,night,y2)
     
      + 1.49796*GridElecBuy(nime1,night,y3) + 1.49796*GridElecBuy(nime1,night,y4) + 1.49796*GridElecBuy(nime1,night,y5) + 1.49796*GridElecBuy(nime1,night,y6) + 1.49796*GridElecBuy(nime1,night,y7) + 0.99864*GridElecBuy(nime2,day,y1)
     
      + 0.99864*GridElecBuy(nime2,day,y2) + 0.99864*GridElecBuy(nime2,day,y3) + 0.99864*GridElecBuy(nime2,day,y4) + 0.99864*GridElecBuy(nime2,day,y5) + 0.99864*GridElecBuy(nime2,day,y6) + 0.99864*GridElecBuy(nime2,day,y7)
     
      + 0.99864*GridElecBuy(nime2,night,y1) + 0.99864*GridElecBuy(nime2,night,y2) + 0.99864*GridElecBuy(nime2,night,y3) + 0.99864*GridElecBuy(nime2,night,y4) + 0.99864*GridElecBuy(nime2,night,y5) + 0.99864*GridElecBuy(nime2,night,y6)
     
      + 0.99864*GridElecBuy(nime2,night,y7) =L= +INF ; (LHS = 0)
     
GAMS 25.1.3  r4e34d435fbd Released Oct 30, 2018 WEX-WEI x86 64bit/MS Windows - 05/29/26 18:19:24 Page 7
G e n e r a l   A l g e b r a i c   M o d e l i n g   S y s t e m
Column Listing      SOLVE osemosys Using LP From line 197


---- GridGasBuy  

GridGasBuy(nime1,day,y1)
                (.LO, .L, .UP, .M = 0, 428.737365384615, +INF, 0)
        1       Gas_balance(nime1,day,y1)
     -127.4054  M
        0.5782  Emission_Limit_Eq

GridGasBuy(nime1,day,y2)
                (.LO, .L, .UP, .M = 0, 430.165936813187, +INF, 0)
        1       Gas_balance(nime1,day,y2)
     -127.4054  M
        0.5782  Emission_Limit_Eq

GridGasBuy(nime1,day,y3)
                (.LO, .L, .UP, .M = 0, 431.608793956044, +INF, 0)
        1       Gas_balance(nime1,day,y3)
     -127.4054  M
        0.5782  Emission_Limit_Eq

REMAINING 25 ENTRIES SKIPPED

---- Cap  

Cap(PV)
                (.LO, .L, .UP, .M = 0, 100, 100, -433.961202779334)
       -0.247   PV_limit(nime1,day,y1)
       -0.247   PV_limit(nime1,day,y2)
       -0.247   PV_limit(nime1,day,y3)
       -0.247   PV_limit(nime1,day,y4)
       -0.247   PV_limit(nime1,day,y5)
       -0.247   PV_limit(nime1,day,y6)
       -0.247   PV_limit(nime1,day,y7)
       -0.114   PV_limit(nime2,day,y1)
       -0.114   PV_limit(nime2,day,y2)
       -0.114   PV_limit(nime2,day,y3)
       -0.114   PV_limit(nime2,day,y4)
       -0.114   PV_limit(nime2,day,y5)
       -0.114   PV_limit(nime2,day,y6)
       -0.114   PV_limit(nime2,day,y7)
     -100.8105  M

Cap(CHP)
                (.LO, .L, .UP, .M = 100, 200.116155769231, 700, 0)
       -0.1429  CHP_MinElec(nime1,day,y1)
       -0.1429  CHP_MinElec(nime1,day,y2)
       -0.1429  CHP_MinElec(nime1,day,y3)
       -0.1429  CHP_MinElec(nime1,day,y4)
       -0.1429  CHP_MinElec(nime1,day,y5)
       -0.1429  CHP_MinElec(nime1,day,y6)
       -0.1429  CHP_MinElec(nime1,day,y7)
       -0.1429  CHP_MinElec(nime1,night,y1)
       -0.1429  CHP_MinElec(nime1,night,y2)
       -0.1429  CHP_MinElec(nime1,night,y3)
       -0.1429  CHP_MinElec(nime1,night,y4)
       -0.1429  CHP_MinElec(nime1,night,y5)
       -0.1429  CHP_MinElec(nime1,night,y6)
       -0.1429  CHP_MinElec(nime1,night,y7)
       -0.1429  CHP_MinElec(nime2,day,y1)
       -0.1429  CHP_MinElec(nime2,day,y2)
       -0.1429  CHP_MinElec(nime2,day,y3)
       -0.1429  CHP_MinElec(nime2,day,y4)
       -0.1429  CHP_MinElec(nime2,day,y5)
       -0.1429  CHP_MinElec(nime2,day,y6)
       -0.1429  CHP_MinElec(nime2,day,y7)
       -0.1429  CHP_MinElec(nime2,night,y1)
       -0.1429  CHP_MinElec(nime2,night,y2)
       -0.1429  CHP_MinElec(nime2,night,y3)
       -0.1429  CHP_MinElec(nime2,night,y4)
       -0.1429  CHP_MinElec(nime2,night,y5)
       -0.1429  CHP_MinElec(nime2,night,y6)
       -0.1429  CHP_MinElec(nime2,night,y7)
       -0.8     CHP_MaxElec(nime1,day,y1)
       -0.8     CHP_MaxElec(nime1,day,y2)
       -0.8     CHP_MaxElec(nime1,day,y3)
       -0.8     CHP_MaxElec(nime1,day,y4)
       -0.8     CHP_MaxElec(nime1,day,y5)
       -0.8     CHP_MaxElec(nime1,day,y6)
       -0.8     CHP_MaxElec(nime1,day,y7)
       -0.8     CHP_MaxElec(nime1,night,y1)
       -0.8     CHP_MaxElec(nime1,night,y2)
       -0.8     CHP_MaxElec(nime1,night,y3)
       -0.8     CHP_MaxElec(nime1,night,y4)
       -0.8     CHP_MaxElec(nime1,night,y5)
       -0.8     CHP_MaxElec(nime1,night,y6)
       -0.8     CHP_MaxElec(nime1,night,y7)
       -0.8     CHP_MaxElec(nime2,day,y1)
       -0.8     CHP_MaxElec(nime2,day,y2)
       -0.8     CHP_MaxElec(nime2,day,y3)
       -0.8     CHP_MaxElec(nime2,day,y4)
       -0.8     CHP_MaxElec(nime2,day,y5)
       -0.8     CHP_MaxElec(nime2,day,y6)
       -0.8     CHP_MaxElec(nime2,day,y7)
       -0.8     CHP_MaxElec(nime2,night,y1)
       -0.8     CHP_MaxElec(nime2,night,y2)
       -0.8     CHP_MaxElec(nime2,night,y3)
       -0.8     CHP_MaxElec(nime2,night,y4)
       -0.8     CHP_MaxElec(nime2,night,y5)
       -0.8     CHP_MaxElec(nime2,night,y6)
       -0.8     CHP_MaxElec(nime2,night,y7)
        0.2     CHP_LowerHeat(nime1,day,y1)
        0.2     CHP_LowerHeat(nime1,day,y2)
        0.2     CHP_LowerHeat(nime1,day,y3)
        0.2     CHP_LowerHeat(nime1,day,y4)
        0.2     CHP_LowerHeat(nime1,day,y5)
        0.2     CHP_LowerHeat(nime1,day,y6)
        0.2     CHP_LowerHeat(nime1,day,y7)
        0.2     CHP_LowerHeat(nime1,night,y1)
        0.2     CHP_LowerHeat(nime1,night,y2)
        0.2     CHP_LowerHeat(nime1,night,y3)
        0.2     CHP_LowerHeat(nime1,night,y4)
        0.2     CHP_LowerHeat(nime1,night,y5)
        0.2     CHP_LowerHeat(nime1,night,y6)
        0.2     CHP_LowerHeat(nime1,night,y7)
        0.2     CHP_LowerHeat(nime2,day,y1)
        0.2     CHP_LowerHeat(nime2,day,y2)
        0.2     CHP_LowerHeat(nime2,day,y3)
        0.2     CHP_LowerHeat(nime2,day,y4)
        0.2     CHP_LowerHeat(nime2,day,y5)
        0.2     CHP_LowerHeat(nime2,day,y6)
        0.2     CHP_LowerHeat(nime2,day,y7)
        0.2     CHP_LowerHeat(nime2,night,y1)
        0.2     CHP_LowerHeat(nime2,night,y2)
        0.2     CHP_LowerHeat(nime2,night,y3)
        0.2     CHP_LowerHeat(nime2,night,y4)
        0.2     CHP_LowerHeat(nime2,night,y5)
        0.2     CHP_LowerHeat(nime2,night,y6)
        0.2     CHP_LowerHeat(nime2,night,y7)
     -291.5894  M

Cap(Boiler)
                (.LO, .L, .UP, .M = 0, 4.40339802126319, 300, 0)
       -0.95    Boiler_limit(nime1,day,y1)
       -0.95    Boiler_limit(nime1,day,y2)
       -0.95    Boiler_limit(nime1,day,y3)
       -0.95    Boiler_limit(nime1,day,y4)
       -0.95    Boiler_limit(nime1,day,y5)
       -0.95    Boiler_limit(nime1,day,y6)
       -0.95    Boiler_limit(nime1,day,y7)
       -0.95    Boiler_limit(nime1,night,y1)
       -0.95    Boiler_limit(nime1,night,y2)
       -0.95    Boiler_limit(nime1,night,y3)
       -0.95    Boiler_limit(nime1,night,y4)
       -0.95    Boiler_limit(nime1,night,y5)
       -0.95    Boiler_limit(nime1,night,y6)
       -0.95    Boiler_limit(nime1,night,y7)
       -0.95    Boiler_limit(nime2,day,y1)
       -0.95    Boiler_limit(nime2,day,y2)
       -0.95    Boiler_limit(nime2,day,y3)
       -0.95    Boiler_limit(nime2,day,y4)
       -0.95    Boiler_limit(nime2,day,y5)
       -0.95    Boiler_limit(nime2,day,y6)
       -0.95    Boiler_limit(nime2,day,y7)
       -0.95    Boiler_limit(nime2,night,y1)
       -0.95    Boiler_limit(nime2,night,y2)
       -0.95    Boiler_limit(nime2,night,y3)
       -0.95    Boiler_limit(nime2,night,y4)
       -0.95    Boiler_limit(nime2,night,y5)
       -0.95    Boiler_limit(nime2,night,y6)
       -0.95    Boiler_limit(nime2,night,y7)
      -38.3179  M

REMAINING ENTRY SKIPPED

---- PVgen  

PVgen(nime1,day,y1)
                (.LO, .L, .UP, .M = 0, 24.7, +INF, 0)
        1       ElecBalance(nime1,day,y1)
        1       PV_limit(nime1,day,y1)

PVgen(nime1,day,y2)
                (.LO, .L, .UP, .M = 0, 24.7, +INF, 0)
        1       ElecBalance(nime1,day,y2)
        1       PV_limit(nime1,day,y2)

PVgen(nime1,day,y3)
                (.LO, .L, .UP, .M = 0, 24.7, +INF, 0)
        1       ElecBalance(nime1,day,y3)
        1       PV_limit(nime1,day,y3)

REMAINING 25 ENTRIES SKIPPED

---- CHPelec  

CHPelec(nime1,day,y1)
                (.LO, .L, .UP, .M = 0, 150.058077884615, +INF, 0)
        1       ElecBalance(nime1,day,y1)
        1       CHP_MinElec(nime1,day,y1)
        1       CHP_MaxElec(nime1,day,y1)
       -1.3     CHP_UpperHeat(nime1,day,y1)
       -0.4     CHP_LowerHeat(nime1,day,y1)
       -2.8571  Gas_balance(nime1,day,y1)

CHPelec(nime1,day,y2)
                (.LO, .L, .UP, .M = 0, 150.558077884615, +INF, 0)
        1       ElecBalance(nime1,day,y2)
        1       CHP_MinElec(nime1,day,y2)
        1       CHP_MaxElec(nime1,day,y2)
       -1.3     CHP_UpperHeat(nime1,day,y2)
       -0.4     CHP_LowerHeat(nime1,day,y2)
       -2.8571  Gas_balance(nime1,day,y2)

CHPelec(nime1,day,y3)
                (.LO, .L, .UP, .M = 0, 151.063077884615, +INF, 0)
        1       ElecBalance(nime1,day,y3)
        1       CHP_MinElec(nime1,day,y3)
        1       CHP_MaxElec(nime1,day,y3)
       -1.3     CHP_UpperHeat(nime1,day,y3)
       -0.4     CHP_LowerHeat(nime1,day,y3)
       -2.8571  Gas_balance(nime1,day,y3)

REMAINING 25 ENTRIES SKIPPED

---- CHPheat  

CHPheat(nime1,day,y1)
                (.LO, .L, .UP, .M = 0, 20, +INF, 0)
        1       HeatBalance(nime1,day,y1)
        1       CHP_UpperHeat(nime1,day,y1)
        1       CHP_LowerHeat(nime1,day,y1)

CHPheat(nime1,day,y2)
                (.LO, .L, .UP, .M = 0, 20.2, +INF, 0)
        1       HeatBalance(nime1,day,y2)
        1       CHP_UpperHeat(nime1,day,y2)
        1       CHP_LowerHeat(nime1,day,y2)

CHPheat(nime1,day,y3)
                (.LO, .L, .UP, .M = 0, 20.402, +INF, 0)
        1       HeatBalance(nime1,day,y3)
        1       CHP_UpperHeat(nime1,day,y3)
        1       CHP_LowerHeat(nime1,day,y3)

REMAINING 25 ENTRIES SKIPPED

---- BoilerHeat  

BoilerHeat(nime1,day,y1)
                (.LO, .L, .UP, .M = 0, 0, +INF, 115.757142857143)
        1       HeatBalance(nime1,day,y1)
        1       Boiler_limit(nime1,day,y1)
       -1.1111  Gas_balance(nime1,day,y1)

BoilerHeat(nime1,day,y2)
                (.LO, .L, .UP, .M = 0, 0, +INF, 115.757142857143)
        1       HeatBalance(nime1,day,y2)
        1       Boiler_limit(nime1,day,y2)
       -1.1111  Gas_balance(nime1,day,y2)

BoilerHeat(nime1,day,y3)
                (.LO, .L, .UP, .M = 0, 0, +INF, 115.757142857143)
        1       HeatBalance(nime1,day,y3)
        1       Boiler_limit(nime1,day,y3)
       -1.1111  Gas_balance(nime1,day,y3)

REMAINING 25 ENTRIES SKIPPED

---- ElecWH_Heat  

ElecWH_Heat(nime1,day,y1)
                (.LO, .L, .UP, .M = 0, 0, +INF, 271.992194403535)
       -1.0309  ElecBalance(nime1,day,y1)
        1       HeatBalance(nime1,day,y1)
        1       ElecWH_limit(nime1,day,y1)

ElecWH_Heat(nime1,day,y2)
                (.LO, .L, .UP, .M = 0, 0, +INF, 271.992194403535)
       -1.0309  ElecBalance(nime1,day,y2)
        1       HeatBalance(nime1,day,y2)
        1       ElecWH_limit(nime1,day,y2)

ElecWH_Heat(nime1,day,y3)
                (.LO, .L, .UP, .M = 0, 0, +INF, 271.992194403535)
       -1.0309  ElecBalance(nime1,day,y3)
        1       HeatBalance(nime1,day,y3)
        1       ElecWH_limit(nime1,day,y3)

REMAINING 25 ENTRIES SKIPPED

---- GridElecBuy  

GridElecBuy(nime1,day,y1)
                (.LO, .L, .UP, .M = 0, 58.5752554487179, +INF, 0)
        1       ElecBalance(nime1,day,y1)
     -362.3486  M
        1.498   Emission_Limit_Eq

GridElecBuy(nime1,day,y2)
                (.LO, .L, .UP, .M = 0, 60.4085887820513, +INF, 0)
        1       ElecBalance(nime1,day,y2)
     -362.3486  M
        1.498   Emission_Limit_Eq

GridElecBuy(nime1,day,y3)
                (.LO, .L, .UP, .M = 0, 62.2602554487179, +INF, 0)
        1       ElecBalance(nime1,day,y3)
     -362.3486  M
        1.498   Emission_Limit_Eq

REMAINING 25 ENTRIES SKIPPED

---- z  

z
                (.LO, .L, .UP, .M = -INF, 963926.704719243, +INF, 0)
        1       M

GAMS 25.1.3  r4e34d435fbd Released Oct 30, 2018 WEX-WEI x86 64bit/MS Windows - 05/29/26 18:19:24 Page 8
G e n e r a l   A l g e b r a i c   M o d e l i n g   S y s t e m
Model Statistics    SOLVE osemosys Using LP From line 197


MODEL STATISTICS

BLOCKS OF EQUATIONS          12     SINGLE EQUATIONS          282
BLOCKS OF VARIABLES           9     SINGLE VARIABLES          201
NON ZERO ELEMENTS           803


GENERATION TIME      =        0.016 SECONDS      3 MB  25.1.3 r4e34d435fbd WEX-WEI


EXECUTION TIME       =        0.016 SECONDS      3 MB  25.1.3 r4e34d435fbd WEX-WEI
GAMS 25.1.3  r4e34d435fbd Released Oct 30, 2018 WEX-WEI x86 64bit/MS Windows - 05/29/26 18:19:24 Page 9
G e n e r a l   A l g e b r a i c   M o d e l i n g   S y s t e m
Solution Report     SOLVE osemosys Using LP From line 197


               S O L V E      S U M M A R Y

     MODEL   osemosys            OBJECTIVE  z
     TYPE    LP                  DIRECTION  MINIMIZE
     SOLVER  CPLEX               FROM LINE  197

**** SOLVER STATUS     1 Normal Completion         
**** MODEL STATUS      1 Optimal                   
**** OBJECTIVE VALUE          1493611.1138

 RESOURCE USAGE, LIMIT          0.000      1000.000
 ITERATION COUNT, LIMIT        95    2000000000

IBM ILOG CPLEX   25.1.3 r4e34d435fbd Released Oct 30, 2018 WEI x86 64bit/MS Wi
Cplex 12.8.0.0

Space for names approximately 0.02 Mb
Use option 'names no' to turn use of names off
LP status(1): optimal
Cplex Time: 0.00sec (det. 0.98 ticks)
Optimal solution found.
Objective :     1493611.113770


---- EQU ElecBalance  

                      LOWER          LEVEL          UPPER         MARGINAL

nime1.day  .y1       233.3333       233.3333       233.3333       362.3486      
nime1.day  .y2       235.6667       235.6667       235.6667       362.3486      
nime1.day  .y3       238.0233       238.0233       238.0233       362.3486      
nime1.day  .y4       240.4036       240.4036       240.4036       362.3486      
nime1.day  .y5       242.8076       242.8076       242.8076       362.3486      
nime1.day  .y6       245.2357       245.2357       245.2357       362.3486      
nime1.day  .y7       247.6880       247.6880       247.6880       362.3486      
nime1.night.y1       140.0000       140.0000       140.0000       362.3486      
nime1.night.y2       141.4000       141.4000       141.4000       362.3486      
nime1.night.y3       142.8140       142.8140       142.8140       362.3486      
nime1.night.y4       144.2421       144.2421       144.2421       362.3486      
nime1.night.y5       145.6846       145.6846       145.6846       362.3486      
nime1.night.y6       147.1414       147.1414       147.1414       362.3486      
nime1.night.y7       148.6128       148.6128       148.6128       362.3486      
nime2.day  .y1       180.0000       180.0000       180.0000       241.5658      
nime2.day  .y2       181.8000       181.8000       181.8000       241.5658      
nime2.day  .y3       183.6180       183.6180       183.6180       241.5658      
nime2.day  .y4       185.4542       185.4542       185.4542       241.5658      
nime2.day  .y5       187.3087       187.3087       187.3087       241.5658      
nime2.day  .y6       189.1818       189.1818       189.1818       241.5658      
nime2.day  .y7       191.0736       191.0736       191.0736       241.5658      
nime2.night.y1       120.0000       120.0000       120.0000       241.5658      
nime2.night.y2       121.2000       121.2000       121.2000       241.5658      
nime2.night.y3       122.4120       122.4120       122.4120       241.5658      
nime2.night.y4       123.6361       123.6361       123.6361       241.5658      
nime2.night.y5       124.8725       124.8725       124.8725       241.5658      
nime2.night.y6       126.1212       126.1212       126.1212       241.5658      
nime2.night.y7       127.3824       127.3824       127.3824       241.5658      

---- EQU HeatBalance  

                      LOWER          LEVEL          UPPER         MARGINAL

nime1.day  .y1        20.0000        20.0000        20.0000         EPS         
nime1.day  .y2        20.2000        20.2000        20.2000         EPS         
nime1.day  .y3        20.4020        20.4020        20.4020         EPS         
nime1.day  .y4        20.6060        20.6060        20.6060         EPS         
nime1.day  .y5        20.8121        20.8121        20.8121         EPS         
nime1.day  .y6        21.0202        21.0202        21.0202         EPS         
nime1.day  .y7        21.2304        21.2304        21.2304         EPS         
nime1.night.y1          .              .              .              .          
nime1.night.y2          .              .              .              .          
nime1.night.y3          .              .              .              .          
nime1.night.y4          .              .              .              .          
nime1.night.y5          .              .              .              .          
nime1.night.y6          .              .              .              .          
nime1.night.y7          .              .              .              .          
nime2.day  .y1       200.0000       200.0000       200.0000         0.8548      
nime2.day  .y2       202.0000       202.0000       202.0000         0.8548      
nime2.day  .y3       204.0200       204.0200       204.0200         0.8548      
nime2.day  .y4       206.0602       206.0602       206.0602         0.8548      
nime2.day  .y5       208.1208       208.1208       208.1208        57.0611      
nime2.day  .y6       210.2020       210.2020       210.2020        94.3744      
nime2.day  .y7       212.3040       212.3040       212.3040       134.7090      
nime2.night.y1       140.0000       140.0000       140.0000         0.8548      
nime2.night.y2       141.4000       141.4000       141.4000         0.8548      
nime2.night.y3       142.8140       142.8140       142.8140         0.8548      
nime2.night.y4       144.2421       144.2421       144.2421         0.8548      
nime2.night.y5       145.6846       145.6846       145.6846         0.8548      
nime2.night.y6       147.1414       147.1414       147.1414         0.8548      
nime2.night.y7       148.6128       148.6128       148.6128         0.8548      

---- EQU PV_limit  

                      LOWER          LEVEL          UPPER         MARGINAL

nime1.day  .y1        -INF             .              .          -362.3486      
nime1.day  .y2        -INF             .              .          -362.3486      
nime1.day  .y3        -INF             .              .          -362.3486      
nime1.day  .y4        -INF             .              .          -362.3486      
nime1.day  .y5        -INF             .              .          -362.3486      
nime1.day  .y6        -INF             .              .          -362.3486      
nime1.day  .y7        -INF             .              .          -362.3486      
nime1.night.y1        -INF             .              .          -362.3486      
nime1.night.y2        -INF             .              .          -362.3486      
nime1.night.y3        -INF             .              .          -362.3486      
nime1.night.y4        -INF             .              .          -362.3486      
nime1.night.y5        -INF             .              .          -362.3486      
nime1.night.y6        -INF             .              .          -362.3486      
nime1.night.y7        -INF             .              .          -362.3486      
nime2.day  .y1        -INF             .              .          -241.5658      
nime2.day  .y2        -INF             .              .          -241.5658      
nime2.day  .y3        -INF             .              .          -241.5658      
nime2.day  .y4        -INF             .              .          -241.5658      
nime2.day  .y5        -INF             .              .          -241.5658      
nime2.day  .y6        -INF             .              .          -241.5658      
nime2.day  .y7        -INF             .              .          -241.5658      
nime2.night.y1        -INF             .              .          -241.5658      
nime2.night.y2        -INF             .              .          -241.5658      
nime2.night.y3        -INF             .              .          -241.5658      
nime2.night.y4        -INF             .              .          -241.5658      
nime2.night.y5        -INF             .              .          -241.5658      
nime2.night.y6        -INF             .              .          -241.5658      
nime2.night.y7        -INF             .              .          -241.5658      

---- EQU CHP_MinElec  

                      LOWER          LEVEL          UPPER         MARGINAL

nime1.day  .y1          .              .            +INF            1.6669      
nime1.day  .y2          .              .            +INF            1.6669      
nime1.day  .y3          .              .            +INF            1.6669      
nime1.day  .y4          .              .            +INF            1.6669      
nime1.day  .y5          .              .            +INF            1.6669      
nime1.day  .y6          .              .            +INF            1.6669      
nime1.day  .y7          .              .            +INF            1.6669      
nime1.night.y1          .              .            +INF            1.6669      
nime1.night.y2          .              .            +INF            1.6669      
nime1.night.y3          .              .            +INF            1.6669      
nime1.night.y4          .              .            +INF            1.6669      
nime1.night.y5          .              .            +INF            1.6669      
nime1.night.y6          .              .            +INF            1.6669      
nime1.night.y7          .              .            +INF            1.6669      
nime2.day  .y1          .           125.2581        +INF             .          
nime2.day  .y2          .           126.7966        +INF             .          
nime2.day  .y3          .           128.3504        +INF             .          
nime2.day  .y4          .           129.9198        +INF             .          
nime2.day  .y5          .           131.5049        +INF             .          
nime2.day  .y6          .           131.5049        +INF             .          
nime2.day  .y7          .           131.5049        +INF             .          
nime2.night.y1          .            79.1043        +INF             .          
nime2.night.y2          .            80.1812        +INF             .          
nime2.night.y3          .            81.2689        +INF             .          
nime2.night.y4          .            82.3675        +INF             .          
nime2.night.y5          .            83.4770        +INF             .          
nime2.night.y6          .            84.5977        +INF             .          
nime2.night.y7          .            85.7295        +INF             .          

---- EQU CHP_MaxElec  

                      LOWER          LEVEL          UPPER         MARGINAL

nime1.day  .y1        -INF         -131.5049          .              .          
nime1.day  .y2        -INF         -131.5049          .              .          
nime1.day  .y3        -INF         -131.5049          .              .          
nime1.day  .y4        -INF         -131.5049          .              .          
nime1.day  .y5        -INF         -131.5049          .              .          
nime1.day  .y6        -INF         -131.5049          .              .          
nime1.day  .y7        -INF         -131.5049          .              .          
nime1.night.y1        -INF         -131.5049          .              .          
nime1.night.y2        -INF         -131.5049          .              .          
nime1.night.y3        -INF         -131.5049          .              .          
nime1.night.y4        -INF         -131.5049          .              .          
nime1.night.y5        -INF         -131.5049          .              .          
nime1.night.y6        -INF         -131.5049          .              .          
nime1.night.y7        -INF         -131.5049          .              .          
nime2.day  .y1        -INF           -6.2468          .              .          
nime2.day  .y2        -INF           -4.7083          .              .          
nime2.day  .y3        -INF           -3.1545          .              .          
nime2.day  .y4        -INF           -1.5851          .              .          
nime2.day  .y5        -INF             .              .           -73.0681      
nime2.day  .y6        -INF             .              .          -121.5755      
nime2.day  .y7        -INF             .              .          -174.0104      
nime2.night.y1        -INF          -52.4006          .              .          
nime2.night.y2        -INF          -51.3237          .              .          
nime2.night.y3        -INF          -50.2360          .              .          
nime2.night.y4        -INF          -49.1374          .              .          
nime2.night.y5        -INF          -48.0279          .              .          
nime2.night.y6        -INF          -46.9072          .              .          
nime2.night.y7        -INF          -45.7754          .              .          

---- EQU CHP_UpperHeat  

                      LOWER          LEVEL          UPPER         MARGINAL

nime1.day  .y1        -INF          -17.1644          .              .          
nime1.day  .y2        -INF          -16.9644          .              .          
nime1.day  .y3        -INF          -16.7624          .              .          
nime1.day  .y4        -INF          -16.5584          .              .          
nime1.day  .y5        -INF          -16.3523          .              .          
nime1.day  .y6        -INF          -16.1442          .              .          
nime1.day  .y7        -INF          -15.9340          .              .          
nime1.night.y1        -INF          -37.1644          .              .          
nime1.night.y2        -INF          -37.1644          .              .          
nime1.night.y3        -INF          -37.1644          .              .          
nime1.night.y4        -INF          -37.1644          .              .          
nime1.night.y5        -INF          -37.1644          .              .          
nime1.night.y6        -INF          -37.1644          .              .          
nime1.night.y7        -INF          -37.1644          .              .          
nime2.day  .y1        -INF             .              .            -0.8548      
nime2.day  .y2        -INF             .              .            -0.8548      
nime2.day  .y3        -INF             .              .            -0.8548      
nime2.day  .y4        -INF             .              .            -0.8548      
nime2.day  .y5        -INF             .              .           -57.0611      
nime2.day  .y6        -INF             .              .           -94.3744      
nime2.day  .y7        -INF             .              .          -134.7090      
nime2.night.y1        -INF             .              .            -0.8548      
nime2.night.y2        -INF             .              .            -0.8548      
nime2.night.y3        -INF             .              .            -0.8548      
nime2.night.y4        -INF             .              .            -0.8548      
nime2.night.y5        -INF             .              .            -0.8548      
nime2.night.y6        -INF             .              .            -0.8548      
nime2.night.y7        -INF             .              .            -0.8548      

---- EQU CHP_LowerHeat  

                      LOWER          LEVEL          UPPER         MARGINAL

nime1.day  .y1          .            48.5880        +INF             .          
nime1.day  .y2          .            48.7880        +INF             .          
nime1.day  .y3          .            48.9900        +INF             .          
nime1.day  .y4          .            49.1940        +INF             .          
nime1.day  .y5          .            49.4001        +INF             .          
nime1.day  .y6          .            49.6082        +INF             .          
nime1.day  .y7          .            49.8184        +INF             .          
nime1.night.y1          .            28.5880        +INF             .          
nime1.night.y2          .            28.5880        +INF             .          
nime1.night.y3          .            28.5880        +INF             .          
nime1.night.y4          .            28.5880        +INF             .          
nime1.night.y5          .            28.5880        +INF             .          
nime1.night.y6          .            28.5880        +INF             .          
nime1.night.y7          .            28.5880        +INF             .          
nime2.day  .y1          .           178.4848        +INF             .          
nime2.day  .y2          .           179.8694        +INF             .          
nime2.day  .y3          .           181.2678        +INF             .          
nime2.day  .y4          .           182.6803        +INF             .          
nime2.day  .y5          .           184.1069        +INF             .          
nime2.day  .y6          .           184.1069        +INF             .          
nime2.day  .y7          .           184.1069        +INF             .          
nime2.night.y1          .           136.9463        +INF             .          
nime2.night.y2          .           137.9155        +INF             .          
nime2.night.y3          .           138.8945        +INF             .          
nime2.night.y4          .           139.8832        +INF             .          
nime2.night.y5          .           140.8818        +INF             .          
nime2.night.y6          .           141.8904        +INF             .          
nime2.night.y7          .           142.9090        +INF             .          

---- EQU Boiler_limit  

                      LOWER          LEVEL          UPPER         MARGINAL

nime1.day  .y1        -INF           -4.1832          .              .          
nime1.day  .y2        -INF           -4.1832          .              .          
nime1.day  .y3        -INF           -4.1832          .              .          
nime1.day  .y4        -INF           -4.1832          .              .          
nime1.day  .y5        -INF           -4.1832          .              .          
nime1.day  .y6        -INF           -4.1832          .              .          
nime1.day  .y7        -INF           -4.1832          .              .          
nime1.night.y1        -INF           -4.1832          .              .          
nime1.night.y2        -INF           -4.1832          .              .          
nime1.night.y3        -INF           -4.1832          .              .          
nime1.night.y4        -INF           -4.1832          .              .          
nime1.night.y5        -INF           -4.1832          .              .          
nime1.night.y6        -INF           -4.1832          .              .          
nime1.night.y7        -INF           -4.1832          .              .          
nime2.day  .y1        -INF           -4.1832          .              .          
nime2.day  .y2        -INF           -4.1832          .              .          
nime2.day  .y3        -INF           -4.1832          .              .          
nime2.day  .y4        -INF           -4.1832          .              .          
nime2.day  .y5        -INF           -4.1832          .              .          
nime2.day  .y6        -INF           -2.1020          .              .          
nime2.day  .y7        -INF             .              .           -40.3346      
nime2.night.y1        -INF           -4.1832          .              .          
nime2.night.y2        -INF           -4.1832          .              .          
nime2.night.y3        -INF           -4.1832          .              .          
nime2.night.y4        -INF           -4.1832          .              .          
nime2.night.y5        -INF           -4.1832          .              .          
nime2.night.y6        -INF           -4.1832          .              .          
nime2.night.y7        -INF           -4.1832          .              .          

---- EQU ElecWH_limit  

                      LOWER          LEVEL          UPPER         MARGINAL

nime1.day  .y1        -INF             .              .              .          
nime1.day  .y2        -INF             .              .              .          
nime1.day  .y3        -INF             .              .              .          
nime1.day  .y4        -INF             .              .              .          
nime1.day  .y5        -INF             .              .              .          
nime1.day  .y6        -INF             .              .              .          
nime1.day  .y7        -INF             .              .              .          
nime1.night.y1        -INF             .              .              .          
nime1.night.y2        -INF             .              .              .          
nime1.night.y3        -INF             .              .              .          
nime1.night.y4        -INF             .              .              .          
nime1.night.y5        -INF             .              .              .          
nime1.night.y6        -INF             .              .              .          
nime1.night.y7        -INF             .              .              .          
nime2.day  .y1        -INF             .              .              .          
nime2.day  .y2        -INF             .              .              .          
nime2.day  .y3        -INF             .              .              .          
nime2.day  .y4        -INF             .              .              .          
nime2.day  .y5        -INF             .              .              .          
nime2.day  .y6        -INF             .              .              .          
nime2.day  .y7        -INF             .              .              .          
nime2.night.y1        -INF             .              .              .          
nime2.night.y2        -INF             .              .              .          
nime2.night.y3        -INF             .              .              .          
nime2.night.y4        -INF             .              .              .          
nime2.night.y5        -INF             .              .              .          
nime2.night.y6        -INF             .              .              .          
nime2.night.y7        -INF             .              .              .          

---- EQU Gas_balance  

                      LOWER          LEVEL          UPPER         MARGINAL

nime1.day  .y1          .              .              .           127.4054      
nime1.day  .y2          .              .              .           127.4054      
nime1.day  .y3          .              .              .           127.4054      
nime1.day  .y4          .              .              .           127.4054      
nime1.day  .y5          .              .              .           127.4054      
nime1.day  .y6          .              .              .           127.4054      
nime1.day  .y7          .              .              .           127.4054      
nime1.night.y1          .              .              .           127.4054      
nime1.night.y2          .              .              .           127.4054      
nime1.night.y3          .              .              .           127.4054      
nime1.night.y4          .              .              .           127.4054      
nime1.night.y5          .              .              .           127.4054      
nime1.night.y6          .              .              .           127.4054      
nime1.night.y7          .              .              .           127.4054      
nime2.day  .y1          .              .              .            84.9370      
nime2.day  .y2          .              .              .            84.9370      
nime2.day  .y3          .              .              .            84.9370      
nime2.day  .y4          .              .              .            84.9370      
nime2.day  .y5          .              .              .            84.9370      
nime2.day  .y6          .              .              .            84.9370      
nime2.day  .y7          .              .              .            84.9370      
nime2.night.y1          .              .              .            84.9370      
nime2.night.y2          .              .              .            84.9370      
nime2.night.y3          .              .              .            84.9370      
nime2.night.y4          .              .              .            84.9370      
nime2.night.y5          .              .              .            84.9370      
nime2.night.y6          .              .              .            84.9370      
nime2.night.y7          .              .              .            84.9370      

                           LOWER          LEVEL          UPPER         MARGINAL

---- EQU M               5000.0000      5000.0000      5000.0000         1.0000      
---- EQU Emission_~        -INF         6113.9082        +INF             .          

---- VAR GridGasBuy  

                      LOWER          LEVEL          UPPER         MARGINAL

nime1.day  .y1          .            81.6801        +INF             .          
nime1.day  .y2          .            81.6801        +INF             .          
nime1.day  .y3          .            81.6801        +INF             .          
nime1.day  .y4          .            81.6801        +INF             .          
nime1.day  .y5          .            81.6801        +INF             .          
nime1.day  .y6          .            81.6801        +INF             .          
nime1.day  .y7          .            81.6801        +INF             .          
nime1.night.y1          .            81.6801        +INF             .          
nime1.night.y2          .            81.6801        +INF             .          
nime1.night.y3          .            81.6801        +INF             .          
nime1.night.y4          .            81.6801        +INF             .          
nime1.night.y5          .            81.6801        +INF             .          
nime1.night.y6          .            81.6801        +INF             .          
nime1.night.y7          .            81.6801        +INF             .          
nime2.day  .y1          .           439.5604        +INF             .          
nime2.day  .y2          .           443.9560        +INF             .          
nime2.day  .y3          .           448.3956        +INF             .          
nime2.day  .y4          .           452.8796        +INF             .          
nime2.day  .y5          .           457.4084        +INF             .          
nime2.day  .y6          .           459.7208        +INF             .          
nime2.day  .y7          .           462.0564        +INF             .          
nime2.night.y1          .           307.6923        +INF             .          
nime2.night.y2          .           310.7692        +INF             .          
nime2.night.y3          .           313.8769        +INF             .          
nime2.night.y4          .           317.0157        +INF             .          
nime2.night.y5          .           320.1858        +INF             .          
nime2.night.y6          .           323.3877        +INF             .          
nime2.night.y7          .           326.6216        +INF             .          

---- VAR Cap  

                       LOWER          LEVEL          UPPER         MARGINAL

PV                       .           100.0000       100.0000      -718.4598      
CHP                   100.0000       200.1162       700.0000          .          
Boiler                   .             4.4034       300.0000          .          
ElecWaterHeater          .              .          3000.0000        20.1082      

---- VAR PVgen  

                      LOWER          LEVEL          UPPER         MARGINAL

nime1.day  .y1          .            24.7000        +INF             .          
nime1.day  .y2          .            24.7000        +INF             .          
nime1.day  .y3          .            24.7000        +INF             .          
nime1.day  .y4          .            24.7000        +INF             .          
nime1.day  .y5          .            24.7000        +INF             .          
nime1.day  .y6          .            24.7000        +INF             .          
nime1.day  .y7          .            24.7000        +INF             .          
nime1.night.y1          .              .            +INF             .          
nime1.night.y2          .              .            +INF             .          
nime1.night.y3          .              .            +INF             .          
nime1.night.y4          .              .            +INF             .          
nime1.night.y5          .              .            +INF             .          
nime1.night.y6          .              .            +INF             .          
nime1.night.y7          .              .            +INF             .          
nime2.day  .y1          .            11.4000        +INF             .          
nime2.day  .y2          .            11.4000        +INF             .          
nime2.day  .y3          .            11.4000        +INF             .          
nime2.day  .y4          .            11.4000        +INF             .          
nime2.day  .y5          .            11.4000        +INF             .          
nime2.day  .y6          .            11.4000        +INF             .          
nime2.day  .y7          .            11.4000        +INF             .          
nime2.night.y1          .              .            +INF             .          
nime2.night.y2          .              .            +INF             .          
nime2.night.y3          .              .            +INF             .          
nime2.night.y4          .              .            +INF             .          
nime2.night.y5          .              .            +INF             .          
nime2.night.y6          .              .            +INF             .          
nime2.night.y7          .              .            +INF             .          

---- VAR CHPelec  

                      LOWER          LEVEL          UPPER         MARGINAL

nime1.day  .y1          .            28.5880        +INF             .          
nime1.day  .y2          .            28.5880        +INF             .          
nime1.day  .y3          .            28.5880        +INF             .          
nime1.day  .y4          .            28.5880        +INF             .          
nime1.day  .y5          .            28.5880        +INF             .          
nime1.day  .y6          .            28.5880        +INF             .          
nime1.day  .y7          .            28.5880        +INF             .          
nime1.night.y1          .            28.5880        +INF             .          
nime1.night.y2          .            28.5880        +INF             .          
nime1.night.y3          .            28.5880        +INF             .          
nime1.night.y4          .            28.5880        +INF             .          
nime1.night.y5          .            28.5880        +INF             .          
nime1.night.y6          .            28.5880        +INF             .          
nime1.night.y7          .            28.5880        +INF             .          
nime2.day  .y1          .           153.8462        +INF             .          
nime2.day  .y2          .           155.3846        +INF             .          
nime2.day  .y3          .           156.9385        +INF             .          
nime2.day  .y4          .           158.5078        +INF             .          
nime2.day  .y5          .           160.0929        +INF             .          
nime2.day  .y6          .           160.0929        +INF             .          
nime2.day  .y7          .           160.0929        +INF             .          
nime2.night.y1          .           107.6923        +INF             .          
nime2.night.y2          .           108.7692        +INF             .          
nime2.night.y3          .           109.8569        +INF             .          
nime2.night.y4          .           110.9555        +INF             .          
nime2.night.y5          .           112.0650        +INF             .          
nime2.night.y6          .           113.1857        +INF             .          
nime2.night.y7          .           114.3176        +INF             .          

---- VAR CHPheat  

                      LOWER          LEVEL          UPPER         MARGINAL

nime1.day  .y1          .            20.0000        +INF             .          
nime1.day  .y2          .            20.2000        +INF             .          
nime1.day  .y3          .            20.4020        +INF             .          
nime1.day  .y4          .            20.6060        +INF             .          
nime1.day  .y5          .            20.8121        +INF             .          
nime1.day  .y6          .            21.0202        +INF             .          
nime1.day  .y7          .            21.2304        +INF             .          
nime1.night.y1          .              .            +INF            EPS         
nime1.night.y2          .              .            +INF            EPS         
nime1.night.y3          .              .            +INF            EPS         
nime1.night.y4          .              .            +INF            EPS         
nime1.night.y5          .              .            +INF            EPS         
nime1.night.y6          .              .            +INF            EPS         
nime1.night.y7          .              .            +INF            EPS         
nime2.day  .y1          .           200.0000        +INF             .          
nime2.day  .y2          .           202.0000        +INF             .          
nime2.day  .y3          .           204.0200        +INF             .          
nime2.day  .y4          .           206.0602        +INF             .          
nime2.day  .y5          .           208.1208        +INF             .          
nime2.day  .y6          .           208.1208        +INF             .          
nime2.day  .y7          .           208.1208        +INF             .          
nime2.night.y1          .           140.0000        +INF             .          
nime2.night.y2          .           141.4000        +INF             .          
nime2.night.y3          .           142.8140        +INF             .          
nime2.night.y4          .           144.2421        +INF             .          
nime2.night.y5          .           145.6846        +INF             .          
nime2.night.y6          .           147.1414        +INF             .          
nime2.night.y7          .           148.6128        +INF             .          

---- VAR BoilerHeat  

                      LOWER          LEVEL          UPPER         MARGINAL

nime1.day  .y1          .              .            +INF          141.5616      
nime1.day  .y2          .              .            +INF          141.5616      
nime1.day  .y3          .              .            +INF          141.5616      
nime1.day  .y4          .              .            +INF          141.5616      
nime1.day  .y5          .              .            +INF          141.5616      
nime1.day  .y6          .              .            +INF          141.5616      
nime1.day  .y7          .              .            +INF          141.5616      
nime1.night.y1          .              .            +INF          141.5616      
nime1.night.y2          .              .            +INF          141.5616      
nime1.night.y3          .              .            +INF          141.5616      
nime1.night.y4          .              .            +INF          141.5616      
nime1.night.y5          .              .            +INF          141.5616      
nime1.night.y6          .              .            +INF          141.5616      
nime1.night.y7          .              .            +INF          141.5616      
nime2.day  .y1          .              .            +INF           93.5196      
nime2.day  .y2          .              .            +INF           93.5196      
nime2.day  .y3          .              .            +INF           93.5196      
nime2.day  .y4          .              .            +INF           93.5196      
nime2.day  .y5          .              .            +INF           37.3133      
nime2.day  .y6          .             2.0812        +INF             .          
nime2.day  .y7          .             4.1832        +INF             .          
nime2.night.y1          .              .            +INF           93.5196      
nime2.night.y2          .              .            +INF           93.5196      
nime2.night.y3          .              .            +INF           93.5196      
nime2.night.y4          .              .            +INF           93.5196      
nime2.night.y5          .              .            +INF           93.5196      
nime2.night.y6          .              .            +INF           93.5196      
nime2.night.y7          .              .            +INF           93.5196      

---- VAR ElecWH_Heat  

                      LOWER          LEVEL          UPPER         MARGINAL

nime1.day  .y1          .              .            +INF          373.5553      
nime1.day  .y2          .              .            +INF          373.5553      
nime1.day  .y3          .              .            +INF          373.5553      
nime1.day  .y4          .              .            +INF          373.5553      
nime1.day  .y5          .              .            +INF          373.5553      
nime1.day  .y6          .              .            +INF          373.5553      
nime1.day  .y7          .              .            +INF          373.5553      
nime1.night.y1          .              .            +INF          373.5553      
nime1.night.y2          .              .            +INF          373.5553      
nime1.night.y3          .              .            +INF          373.5553      
nime1.night.y4          .              .            +INF          373.5553      
nime1.night.y5          .              .            +INF          373.5553      
nime1.night.y6          .              .            +INF          373.5553      
nime1.night.y7          .              .            +INF          373.5553      
nime2.day  .y1          .              .            +INF          248.1820      
nime2.day  .y2          .              .            +INF          248.1820      
nime2.day  .y3          .              .            +INF          248.1820      
nime2.day  .y4          .              .            +INF          248.1820      
nime2.day  .y5          .              .            +INF          191.9758      
nime2.day  .y6          .              .            +INF          154.6625      
nime2.day  .y7          .              .            +INF          114.3279      
nime2.night.y1          .              .            +INF          248.1820      
nime2.night.y2          .              .            +INF          248.1820      
nime2.night.y3          .              .            +INF          248.1820      
nime2.night.y4          .              .            +INF          248.1820      
nime2.night.y5          .              .            +INF          248.1820      
nime2.night.y6          .              .            +INF          248.1820      
nime2.night.y7          .              .            +INF          248.1820      

---- VAR GridElecBuy  

                      LOWER          LEVEL          UPPER         MARGINAL

nime1.day  .y1          .           180.0453        +INF             .          
nime1.day  .y2          .           182.3786        +INF             .          
nime1.day  .y3          .           184.7353        +INF             .          
nime1.day  .y4          .           187.1155        +INF             .          
nime1.day  .y5          .           189.5196        +INF             .          
nime1.day  .y6          .           191.9477        +INF             .          
nime1.day  .y7          .           194.4000        +INF             .          
nime1.night.y1          .           111.4120        +INF             .          
nime1.night.y2          .           112.8120        +INF             .          
nime1.night.y3          .           114.2260        +INF             .          
nime1.night.y4          .           115.6541        +INF             .          
nime1.night.y5          .           117.0965        +INF             .          
nime1.night.y6          .           118.5534        +INF             .          
nime1.night.y7          .           120.0248        +INF             .          
nime2.day  .y1          .            14.7538        +INF             .          
nime2.day  .y2          .            15.0154        +INF             .          
nime2.day  .y3          .            15.2795        +INF             .          
nime2.day  .y4          .            15.5463        +INF             .          
nime2.day  .y5          .            15.8158        +INF             .          
nime2.day  .y6          .            17.6889        +INF             .          
nime2.day  .y7          .            19.5807        +INF             .          
nime2.night.y1          .            12.3077        +INF             .          
nime2.night.y2          .            12.4308        +INF             .          
nime2.night.y3          .            12.5551        +INF             .          
nime2.night.y4          .            12.6806        +INF             .          
nime2.night.y5          .            12.8074        +INF             .          
nime2.night.y6          .            12.9355        +INF             .          
nime2.night.y7          .            13.0649        +INF             .          

                           LOWER          LEVEL          UPPER         MARGINAL

---- VAR z                 -INF      1493611.1138        +INF             .          


**** REPORT SUMMARY :        0     NONOPT
                             0 INFEASIBLE
                             0  UNBOUNDED
GAMS 25.1.3  r4e34d435fbd Released Oct 30, 2018 WEX-WEI x86 64bit/MS Windows - 05/29/26 18:19:24 Page 10
G e n e r a l   A l g e b r a i c   M o d e l i n g   S y s t e m
E x e c u t i o n


----    207 PARAMETER z_1                  =   963926.705  
            PARAMETER z_2taxed             =  1493611.114  
            PARAMETER ExtraCost            =   529684.409  

----    207 PARAMETER Cap_1  

PV     100.000,    CHP    200.116,    Boiler   4.403


----    207 PARAMETER Cap_2taxed  

PV     100.000,    CHP    200.116,    Boiler   4.403


----    207 PARAMETER Cap_change  

                      ( ALL       0.000 )

GAMS 25.1.3  r4e34d435fbd Released Oct 30, 2018 WEX-WEI x86 64bit/MS Windows - 05/29/26 18:19:24 Page 11
G e n e r a l   A l g e b r a i c   M o d e l i n g   S y s t e m
Equation Listing    SOLVE osemosys Using LP From line 212


---- ElecBalance  =E=  

ElecBalance(nime1,day,y1)..  PVgen(nime1,day,y1) + CHPelec(nime1,day,y1) - 1.03092783505155*ElecWH_Heat(nime1,day,y1) + GridElecBuy(nime1,day,y1) =E= 233.333333333333 ; (LHS = 233.333333333333)
     
ElecBalance(nime1,day,y2)..  PVgen(nime1,day,y2) + CHPelec(nime1,day,y2) - 1.03092783505155*ElecWH_Heat(nime1,day,y2) + GridElecBuy(nime1,day,y2) =E= 235.666666666667 ; (LHS = 235.666666666667)
     
ElecBalance(nime1,day,y3)..  PVgen(nime1,day,y3) + CHPelec(nime1,day,y3) - 1.03092783505155*ElecWH_Heat(nime1,day,y3) + GridElecBuy(nime1,day,y3) =E= 238.023333333333 ; (LHS = 238.023333333333)
     
REMAINING 25 ENTRIES SKIPPED


---- HeatBalance  =E=  

HeatBalance(nime1,day,y1)..  CHPheat(nime1,day,y1) + BoilerHeat(nime1,day,y1) + ElecWH_Heat(nime1,day,y1) =E= 20 ; (LHS = 20)
     
HeatBalance(nime1,day,y2)..  CHPheat(nime1,day,y2) + BoilerHeat(nime1,day,y2) + ElecWH_Heat(nime1,day,y2) =E= 20.2 ; (LHS = 20.2)
     
HeatBalance(nime1,day,y3)..  CHPheat(nime1,day,y3) + BoilerHeat(nime1,day,y3) + ElecWH_Heat(nime1,day,y3) =E= 20.402 ; (LHS = 20.402)
     
REMAINING 25 ENTRIES SKIPPED


---- PV_limit  =L=  

PV_limit(nime1,day,y1)..  - 0.247*Cap(PV) + PVgen(nime1,day,y1) =L= 0 ; (LHS = 0)
     
PV_limit(nime1,day,y2)..  - 0.247*Cap(PV) + PVgen(nime1,day,y2) =L= 0 ; (LHS = 0)
     
PV_limit(nime1,day,y3)..  - 0.247*Cap(PV) + PVgen(nime1,day,y3) =L= 0 ; (LHS = 0)
     
REMAINING 25 ENTRIES SKIPPED


---- CHP_MinElec  =G=  

CHP_MinElec(nime1,day,y1)..  - 0.142857142857143*Cap(CHP) + CHPelec(nime1,day,y1) =G= 0 ; (LHS = 0)
     
CHP_MinElec(nime1,day,y2)..  - 0.142857142857143*Cap(CHP) + CHPelec(nime1,day,y2) =G= 0 ; (LHS = 0)
     
CHP_MinElec(nime1,day,y3)..  - 0.142857142857143*Cap(CHP) + CHPelec(nime1,day,y3) =G= 0 ; (LHS = 0)
     
REMAINING 25 ENTRIES SKIPPED


---- CHP_MaxElec  =L=  

CHP_MaxElec(nime1,day,y1)..  - 0.8*Cap(CHP) + CHPelec(nime1,day,y1) =L= 0 ; (LHS = -131.504902362637)
     
CHP_MaxElec(nime1,day,y2)..  - 0.8*Cap(CHP) + CHPelec(nime1,day,y2) =L= 0 ; (LHS = -131.504902362637)
     
CHP_MaxElec(nime1,day,y3)..  - 0.8*Cap(CHP) + CHPelec(nime1,day,y3) =L= 0 ; (LHS = -131.504902362637)
     
REMAINING 25 ENTRIES SKIPPED


---- CHP_UpperHeat  =L=  

CHP_UpperHeat(nime1,day,y1)..  - 1.3*CHPelec(nime1,day,y1) + CHPheat(nime1,day,y1) =L= 0 ; (LHS = -17.1644289285714)
     
CHP_UpperHeat(nime1,day,y2)..  - 1.3*CHPelec(nime1,day,y2) + CHPheat(nime1,day,y2) =L= 0 ; (LHS = -16.9644289285714)
     
CHP_UpperHeat(nime1,day,y3)..  - 1.3*CHPelec(nime1,day,y3) + CHPheat(nime1,day,y3) =L= 0 ; (LHS = -16.7624289285714)
     
REMAINING 25 ENTRIES SKIPPED


---- CHP_LowerHeat  =G=  

CHP_LowerHeat(nime1,day,y1)..  0.2*Cap(CHP) - 0.4*CHPelec(nime1,day,y1) + CHPheat(nime1,day,y1) =G= 0 ; (LHS = 48.5880222527473)
     
CHP_LowerHeat(nime1,day,y2)..  0.2*Cap(CHP) - 0.4*CHPelec(nime1,day,y2) + CHPheat(nime1,day,y2) =G= 0 ; (LHS = 48.7880222527473)
     
CHP_LowerHeat(nime1,day,y3)..  0.2*Cap(CHP) - 0.4*CHPelec(nime1,day,y3) + CHPheat(nime1,day,y3) =G= 0 ; (LHS = 48.9900222527473)
     
REMAINING 25 ENTRIES SKIPPED


---- Boiler_limit  =L=  

Boiler_limit(nime1,day,y1)..  - 0.95*Cap(Boiler) + BoilerHeat(nime1,day,y1) =L= 0 ; (LHS = -4.18322812020003)
     
Boiler_limit(nime1,day,y2)..  - 0.95*Cap(Boiler) + BoilerHeat(nime1,day,y2) =L= 0 ; (LHS = -4.18322812020003)
     
Boiler_limit(nime1,day,y3)..  - 0.95*Cap(Boiler) + BoilerHeat(nime1,day,y3) =L= 0 ; (LHS = -4.18322812020003)
     
REMAINING 25 ENTRIES SKIPPED


---- ElecWH_limit  =L=  

ElecWH_limit(nime1,day,y1)..  - 0.95*Cap(ElecWaterHeater) + ElecWH_Heat(nime1,day,y1) =L= 0 ; (LHS = 0)
     
ElecWH_limit(nime1,day,y2)..  - 0.95*Cap(ElecWaterHeater) + ElecWH_Heat(nime1,day,y2) =L= 0 ; (LHS = 0)
     
ElecWH_limit(nime1,day,y3)..  - 0.95*Cap(ElecWaterHeater) + ElecWH_Heat(nime1,day,y3) =L= 0 ; (LHS = 0)
     
REMAINING 25 ENTRIES SKIPPED


---- Gas_balance  =E=  

Gas_balance(nime1,day,y1)..  GridGasBuy(nime1,day,y1) - 2.85714285714286*CHPelec(nime1,day,y1) - 1.11111111111111*BoilerHeat(nime1,day,y1) =E= 0 ; (LHS = 0)
     
Gas_balance(nime1,day,y2)..  GridGasBuy(nime1,day,y2) - 2.85714285714286*CHPelec(nime1,day,y2) - 1.11111111111111*BoilerHeat(nime1,day,y2) =E= 0 ; (LHS = 0)
     
Gas_balance(nime1,day,y3)..  GridGasBuy(nime1,day,y3) - 2.85714285714286*CHPelec(nime1,day,y3) - 1.11111111111111*BoilerHeat(nime1,day,y3) =E= 0 ; (LHS = 0)
     
REMAINING 25 ENTRIES SKIPPED


---- M  =E=  

M..  - 78.84*GridGasBuy(nime1,day,y1) - 78.84*GridGasBuy(nime1,day,y2) - 78.84*GridGasBuy(nime1,day,y3) - 78.84*GridGasBuy(nime1,day,y4) - 78.84*GridGasBuy(nime1,day,y5) - 78.84*GridGasBuy(nime1,day,y6) - 78.84*GridGasBuy(nime1,day,y7)
     
      - 78.84*GridGasBuy(nime1,night,y1) - 78.84*GridGasBuy(nime1,night,y2) - 78.84*GridGasBuy(nime1,night,y3) - 78.84*GridGasBuy(nime1,night,y4) - 78.84*GridGasBuy(nime1,night,y5) - 78.84*GridGasBuy(nime1,night,y6) - 78.84*GridGasBuy(nime1,night,y7)
     
      - 52.56*GridGasBuy(nime2,day,y1) - 52.56*GridGasBuy(nime2,day,y2) - 52.56*GridGasBuy(nime2,day,y3) - 52.56*GridGasBuy(nime2,day,y4) - 52.56*GridGasBuy(nime2,day,y5) - 52.56*GridGasBuy(nime2,day,y6) - 52.56*GridGasBuy(nime2,day,y7)
     
      - 52.56*GridGasBuy(nime2,night,y1) - 52.56*GridGasBuy(nime2,night,y2) - 52.56*GridGasBuy(nime2,night,y3) - 52.56*GridGasBuy(nime2,night,y4) - 52.56*GridGasBuy(nime2,night,y5) - 52.56*GridGasBuy(nime2,night,y6) - 52.56*GridGasBuy(nime2,night,y7)
     
      - 100.810517220666*Cap(PV) - 291.589388614883*Cap(CHP) - 38.3178777229767*Cap(Boiler) - 20.1082386386025*Cap(ElecWaterHeater) - 236.52*GridElecBuy(nime1,day,y1) - 236.52*GridElecBuy(nime1,day,y2) - 236.52*GridElecBuy(nime1,day,y3)
     
      - 236.52*GridElecBuy(nime1,day,y4) - 236.52*GridElecBuy(nime1,day,y5) - 236.52*GridElecBuy(nime1,day,y6) - 236.52*GridElecBuy(nime1,day,y7) - 236.52*GridElecBuy(nime1,night,y1) - 236.52*GridElecBuy(nime1,night,y2)
     
      - 236.52*GridElecBuy(nime1,night,y3) - 236.52*GridElecBuy(nime1,night,y4) - 236.52*GridElecBuy(nime1,night,y5) - 236.52*GridElecBuy(nime1,night,y6) - 236.52*GridElecBuy(nime1,night,y7) - 157.68*GridElecBuy(nime2,day,y1)
     
      - 157.68*GridElecBuy(nime2,day,y2) - 157.68*GridElecBuy(nime2,day,y3) - 157.68*GridElecBuy(nime2,day,y4) - 157.68*GridElecBuy(nime2,day,y5) - 157.68*GridElecBuy(nime2,day,y6) - 157.68*GridElecBuy(nime2,day,y7) - 157.68*GridElecBuy(nime2,night,y1)
     
      - 157.68*GridElecBuy(nime2,night,y2) - 157.68*GridElecBuy(nime2,night,y3) - 157.68*GridElecBuy(nime2,night,y4) - 157.68*GridElecBuy(nime2,night,y5) - 157.68*GridElecBuy(nime2,night,y6) - 157.68*GridElecBuy(nime2,night,y7) + z =E= 5000 ;
     
      (LHS = 518568.289885995, INFES = 513568.289885995 ****)
     

---- Emission_Limit_Eq  =L=  

Emission_Limit_Eq..  0.57816*GridGasBuy(nime1,day,y1) + 0.57816*GridGasBuy(nime1,day,y2) + 0.57816*GridGasBuy(nime1,day,y3) + 0.57816*GridGasBuy(nime1,day,y4) + 0.57816*GridGasBuy(nime1,day,y5) + 0.57816*GridGasBuy(nime1,day,y6)
     
      + 0.57816*GridGasBuy(nime1,day,y7) + 0.57816*GridGasBuy(nime1,night,y1) + 0.57816*GridGasBuy(nime1,night,y2) + 0.57816*GridGasBuy(nime1,night,y3) + 0.57816*GridGasBuy(nime1,night,y4) + 0.57816*GridGasBuy(nime1,night,y5)
     
      + 0.57816*GridGasBuy(nime1,night,y6) + 0.57816*GridGasBuy(nime1,night,y7) + 0.38544*GridGasBuy(nime2,day,y1) + 0.38544*GridGasBuy(nime2,day,y2) + 0.38544*GridGasBuy(nime2,day,y3) + 0.38544*GridGasBuy(nime2,day,y4) + 0.38544*GridGasBuy(nime2,day,y5)
     
      + 0.38544*GridGasBuy(nime2,day,y6) + 0.38544*GridGasBuy(nime2,day,y7) + 0.38544*GridGasBuy(nime2,night,y1) + 0.38544*GridGasBuy(nime2,night,y2) + 0.38544*GridGasBuy(nime2,night,y3) + 0.38544*GridGasBuy(nime2,night,y4)
     
      + 0.38544*GridGasBuy(nime2,night,y5) + 0.38544*GridGasBuy(nime2,night,y6) + 0.38544*GridGasBuy(nime2,night,y7) + 1.49796*GridElecBuy(nime1,day,y1) + 1.49796*GridElecBuy(nime1,day,y2) + 1.49796*GridElecBuy(nime1,day,y3)
     
      + 1.49796*GridElecBuy(nime1,day,y4) + 1.49796*GridElecBuy(nime1,day,y5) + 1.49796*GridElecBuy(nime1,day,y6) + 1.49796*GridElecBuy(nime1,day,y7) + 1.49796*GridElecBuy(nime1,night,y1) + 1.49796*GridElecBuy(nime1,night,y2)
     
      + 1.49796*GridElecBuy(nime1,night,y3) + 1.49796*GridElecBuy(nime1,night,y4) + 1.49796*GridElecBuy(nime1,night,y5) + 1.49796*GridElecBuy(nime1,night,y6) + 1.49796*GridElecBuy(nime1,night,y7) + 0.99864*GridElecBuy(nime2,day,y1)
     
      + 0.99864*GridElecBuy(nime2,day,y2) + 0.99864*GridElecBuy(nime2,day,y3) + 0.99864*GridElecBuy(nime2,day,y4) + 0.99864*GridElecBuy(nime2,day,y5) + 0.99864*GridElecBuy(nime2,day,y6) + 0.99864*GridElecBuy(nime2,day,y7)
     
      + 0.99864*GridElecBuy(nime2,night,y1) + 0.99864*GridElecBuy(nime2,night,y2) + 0.99864*GridElecBuy(nime2,night,y3) + 0.99864*GridElecBuy(nime2,night,y4) + 0.99864*GridElecBuy(nime2,night,y5) + 0.99864*GridElecBuy(nime2,night,y6)
     
      + 0.99864*GridElecBuy(nime2,night,y7) =L= 6334.16184151089 ; (LHS = 6113.90821292852)
     
GAMS 25.1.3  r4e34d435fbd Released Oct 30, 2018 WEX-WEI x86 64bit/MS Windows - 05/29/26 18:19:24 Page 12
G e n e r a l   A l g e b r a i c   M o d e l i n g   S y s t e m
Column Listing      SOLVE osemosys Using LP From line 212


---- GridGasBuy  

GridGasBuy(nime1,day,y1)
                (.LO, .L, .UP, .M = 0, 81.6800635792779, +INF, 0)
        1       Gas_balance(nime1,day,y1)
      -78.84    M
        0.5782  Emission_Limit_Eq

GridGasBuy(nime1,day,y2)
                (.LO, .L, .UP, .M = 0, 81.6800635792779, +INF, 0)
        1       Gas_balance(nime1,day,y2)
      -78.84    M
        0.5782  Emission_Limit_Eq

GridGasBuy(nime1,day,y3)
                (.LO, .L, .UP, .M = 0, 81.6800635792779, +INF, 0)
        1       Gas_balance(nime1,day,y3)
      -78.84    M
        0.5782  Emission_Limit_Eq

REMAINING 25 ENTRIES SKIPPED

---- Cap  

Cap(PV)
                (.LO, .L, .UP, .M = 0, 100, 100, -718.459757819334)
       -0.247   PV_limit(nime1,day,y1)
       -0.247   PV_limit(nime1,day,y2)
       -0.247   PV_limit(nime1,day,y3)
       -0.247   PV_limit(nime1,day,y4)
       -0.247   PV_limit(nime1,day,y5)
       -0.247   PV_limit(nime1,day,y6)
       -0.247   PV_limit(nime1,day,y7)
       -0.114   PV_limit(nime2,day,y1)
       -0.114   PV_limit(nime2,day,y2)
       -0.114   PV_limit(nime2,day,y3)
       -0.114   PV_limit(nime2,day,y4)
       -0.114   PV_limit(nime2,day,y5)
       -0.114   PV_limit(nime2,day,y6)
       -0.114   PV_limit(nime2,day,y7)
     -100.8105  M

Cap(CHP)
                (.LO, .L, .UP, .M = 100, 200.116155769231, 700, 0)
       -0.1429  CHP_MinElec(nime1,day,y1)
       -0.1429  CHP_MinElec(nime1,day,y2)
       -0.1429  CHP_MinElec(nime1,day,y3)
       -0.1429  CHP_MinElec(nime1,day,y4)
       -0.1429  CHP_MinElec(nime1,day,y5)
       -0.1429  CHP_MinElec(nime1,day,y6)
       -0.1429  CHP_MinElec(nime1,day,y7)
       -0.1429  CHP_MinElec(nime1,night,y1)
       -0.1429  CHP_MinElec(nime1,night,y2)
       -0.1429  CHP_MinElec(nime1,night,y3)
       -0.1429  CHP_MinElec(nime1,night,y4)
       -0.1429  CHP_MinElec(nime1,night,y5)
       -0.1429  CHP_MinElec(nime1,night,y6)
       -0.1429  CHP_MinElec(nime1,night,y7)
       -0.1429  CHP_MinElec(nime2,day,y1)
       -0.1429  CHP_MinElec(nime2,day,y2)
       -0.1429  CHP_MinElec(nime2,day,y3)
       -0.1429  CHP_MinElec(nime2,day,y4)
       -0.1429  CHP_MinElec(nime2,day,y5)
       -0.1429  CHP_MinElec(nime2,day,y6)
       -0.1429  CHP_MinElec(nime2,day,y7)
       -0.1429  CHP_MinElec(nime2,night,y1)
       -0.1429  CHP_MinElec(nime2,night,y2)
       -0.1429  CHP_MinElec(nime2,night,y3)
       -0.1429  CHP_MinElec(nime2,night,y4)
       -0.1429  CHP_MinElec(nime2,night,y5)
       -0.1429  CHP_MinElec(nime2,night,y6)
       -0.1429  CHP_MinElec(nime2,night,y7)
       -0.8     CHP_MaxElec(nime1,day,y1)
       -0.8     CHP_MaxElec(nime1,day,y2)
       -0.8     CHP_MaxElec(nime1,day,y3)
       -0.8     CHP_MaxElec(nime1,day,y4)
       -0.8     CHP_MaxElec(nime1,day,y5)
       -0.8     CHP_MaxElec(nime1,day,y6)
       -0.8     CHP_MaxElec(nime1,day,y7)
       -0.8     CHP_MaxElec(nime1,night,y1)
       -0.8     CHP_MaxElec(nime1,night,y2)
       -0.8     CHP_MaxElec(nime1,night,y3)
       -0.8     CHP_MaxElec(nime1,night,y4)
       -0.8     CHP_MaxElec(nime1,night,y5)
       -0.8     CHP_MaxElec(nime1,night,y6)
       -0.8     CHP_MaxElec(nime1,night,y7)
       -0.8     CHP_MaxElec(nime2,day,y1)
       -0.8     CHP_MaxElec(nime2,day,y2)
       -0.8     CHP_MaxElec(nime2,day,y3)
       -0.8     CHP_MaxElec(nime2,day,y4)
       -0.8     CHP_MaxElec(nime2,day,y5)
       -0.8     CHP_MaxElec(nime2,day,y6)
       -0.8     CHP_MaxElec(nime2,day,y7)
       -0.8     CHP_MaxElec(nime2,night,y1)
       -0.8     CHP_MaxElec(nime2,night,y2)
       -0.8     CHP_MaxElec(nime2,night,y3)
       -0.8     CHP_MaxElec(nime2,night,y4)
       -0.8     CHP_MaxElec(nime2,night,y5)
       -0.8     CHP_MaxElec(nime2,night,y6)
       -0.8     CHP_MaxElec(nime2,night,y7)
        0.2     CHP_LowerHeat(nime1,day,y1)
        0.2     CHP_LowerHeat(nime1,day,y2)
        0.2     CHP_LowerHeat(nime1,day,y3)
        0.2     CHP_LowerHeat(nime1,day,y4)
        0.2     CHP_LowerHeat(nime1,day,y5)
        0.2     CHP_LowerHeat(nime1,day,y6)
        0.2     CHP_LowerHeat(nime1,day,y7)
        0.2     CHP_LowerHeat(nime1,night,y1)
        0.2     CHP_LowerHeat(nime1,night,y2)
        0.2     CHP_LowerHeat(nime1,night,y3)
        0.2     CHP_LowerHeat(nime1,night,y4)
        0.2     CHP_LowerHeat(nime1,night,y5)
        0.2     CHP_LowerHeat(nime1,night,y6)
        0.2     CHP_LowerHeat(nime1,night,y7)
        0.2     CHP_LowerHeat(nime2,day,y1)
        0.2     CHP_LowerHeat(nime2,day,y2)
        0.2     CHP_LowerHeat(nime2,day,y3)
        0.2     CHP_LowerHeat(nime2,day,y4)
        0.2     CHP_LowerHeat(nime2,day,y5)
        0.2     CHP_LowerHeat(nime2,day,y6)
        0.2     CHP_LowerHeat(nime2,day,y7)
        0.2     CHP_LowerHeat(nime2,night,y1)
        0.2     CHP_LowerHeat(nime2,night,y2)
        0.2     CHP_LowerHeat(nime2,night,y3)
        0.2     CHP_LowerHeat(nime2,night,y4)
        0.2     CHP_LowerHeat(nime2,night,y5)
        0.2     CHP_LowerHeat(nime2,night,y6)
        0.2     CHP_LowerHeat(nime2,night,y7)
     -291.5894  M

Cap(Boiler)
                (.LO, .L, .UP, .M = 0, 4.40339802126319, 300, 0)
       -0.95    Boiler_limit(nime1,day,y1)
       -0.95    Boiler_limit(nime1,day,y2)
       -0.95    Boiler_limit(nime1,day,y3)
       -0.95    Boiler_limit(nime1,day,y4)
       -0.95    Boiler_limit(nime1,day,y5)
       -0.95    Boiler_limit(nime1,day,y6)
       -0.95    Boiler_limit(nime1,day,y7)
       -0.95    Boiler_limit(nime1,night,y1)
       -0.95    Boiler_limit(nime1,night,y2)
       -0.95    Boiler_limit(nime1,night,y3)
       -0.95    Boiler_limit(nime1,night,y4)
       -0.95    Boiler_limit(nime1,night,y5)
       -0.95    Boiler_limit(nime1,night,y6)
       -0.95    Boiler_limit(nime1,night,y7)
       -0.95    Boiler_limit(nime2,day,y1)
       -0.95    Boiler_limit(nime2,day,y2)
       -0.95    Boiler_limit(nime2,day,y3)
       -0.95    Boiler_limit(nime2,day,y4)
       -0.95    Boiler_limit(nime2,day,y5)
       -0.95    Boiler_limit(nime2,day,y6)
       -0.95    Boiler_limit(nime2,day,y7)
       -0.95    Boiler_limit(nime2,night,y1)
       -0.95    Boiler_limit(nime2,night,y2)
       -0.95    Boiler_limit(nime2,night,y3)
       -0.95    Boiler_limit(nime2,night,y4)
       -0.95    Boiler_limit(nime2,night,y5)
       -0.95    Boiler_limit(nime2,night,y6)
       -0.95    Boiler_limit(nime2,night,y7)
      -38.3179  M

REMAINING ENTRY SKIPPED

---- PVgen  

PVgen(nime1,day,y1)
                (.LO, .L, .UP, .M = 0, 24.7, +INF, 0)
        1       ElecBalance(nime1,day,y1)
        1       PV_limit(nime1,day,y1)

PVgen(nime1,day,y2)
                (.LO, .L, .UP, .M = 0, 24.7, +INF, 0)
        1       ElecBalance(nime1,day,y2)
        1       PV_limit(nime1,day,y2)

PVgen(nime1,day,y3)
                (.LO, .L, .UP, .M = 0, 24.7, +INF, 0)
        1       ElecBalance(nime1,day,y3)
        1       PV_limit(nime1,day,y3)

REMAINING 25 ENTRIES SKIPPED

---- CHPelec  

CHPelec(nime1,day,y1)
                (.LO, .L, .UP, .M = 0, 28.5880222527472, +INF, 0)
        1       ElecBalance(nime1,day,y1)
        1       CHP_MinElec(nime1,day,y1)
        1       CHP_MaxElec(nime1,day,y1)
       -1.3     CHP_UpperHeat(nime1,day,y1)
       -0.4     CHP_LowerHeat(nime1,day,y1)
       -2.8571  Gas_balance(nime1,day,y1)

CHPelec(nime1,day,y2)
                (.LO, .L, .UP, .M = 0, 28.5880222527472, +INF, 0)
        1       ElecBalance(nime1,day,y2)
        1       CHP_MinElec(nime1,day,y2)
        1       CHP_MaxElec(nime1,day,y2)
       -1.3     CHP_UpperHeat(nime1,day,y2)
       -0.4     CHP_LowerHeat(nime1,day,y2)
       -2.8571  Gas_balance(nime1,day,y2)

CHPelec(nime1,day,y3)
                (.LO, .L, .UP, .M = 0, 28.5880222527472, +INF, 0)
        1       ElecBalance(nime1,day,y3)
        1       CHP_MinElec(nime1,day,y3)
        1       CHP_MaxElec(nime1,day,y3)
       -1.3     CHP_UpperHeat(nime1,day,y3)
       -0.4     CHP_LowerHeat(nime1,day,y3)
       -2.8571  Gas_balance(nime1,day,y3)

REMAINING 25 ENTRIES SKIPPED

---- CHPheat  

CHPheat(nime1,day,y1)
                (.LO, .L, .UP, .M = 0, 20, +INF, 0)
        1       HeatBalance(nime1,day,y1)
        1       CHP_UpperHeat(nime1,day,y1)
        1       CHP_LowerHeat(nime1,day,y1)

CHPheat(nime1,day,y2)
                (.LO, .L, .UP, .M = 0, 20.2, +INF, 0)
        1       HeatBalance(nime1,day,y2)
        1       CHP_UpperHeat(nime1,day,y2)
        1       CHP_LowerHeat(nime1,day,y2)

CHPheat(nime1,day,y3)
                (.LO, .L, .UP, .M = 0, 20.402, +INF, 0)
        1       HeatBalance(nime1,day,y3)
        1       CHP_UpperHeat(nime1,day,y3)
        1       CHP_LowerHeat(nime1,day,y3)

REMAINING 25 ENTRIES SKIPPED

---- BoilerHeat  

BoilerHeat(nime1,day,y1)
                (.LO, .L, .UP, .M = 0, 0, +INF, 141.5616)
        1       HeatBalance(nime1,day,y1)
        1       Boiler_limit(nime1,day,y1)
       -1.1111  Gas_balance(nime1,day,y1)

BoilerHeat(nime1,day,y2)
                (.LO, .L, .UP, .M = 0, 0, +INF, 141.5616)
        1       HeatBalance(nime1,day,y2)
        1       Boiler_limit(nime1,day,y2)
       -1.1111  Gas_balance(nime1,day,y2)

BoilerHeat(nime1,day,y3)
                (.LO, .L, .UP, .M = 0, 0, +INF, 141.5616)
        1       HeatBalance(nime1,day,y3)
        1       Boiler_limit(nime1,day,y3)
       -1.1111  Gas_balance(nime1,day,y3)

REMAINING 25 ENTRIES SKIPPED

---- ElecWH_Heat  

ElecWH_Heat(nime1,day,y1)
                (.LO, .L, .UP, .M = 0, 0, +INF, 373.555298969072)
       -1.0309  ElecBalance(nime1,day,y1)
        1       HeatBalance(nime1,day,y1)
        1       ElecWH_limit(nime1,day,y1)

ElecWH_Heat(nime1,day,y2)
                (.LO, .L, .UP, .M = 0, 0, +INF, 373.555298969072)
       -1.0309  ElecBalance(nime1,day,y2)
        1       HeatBalance(nime1,day,y2)
        1       ElecWH_limit(nime1,day,y2)

ElecWH_Heat(nime1,day,y3)
                (.LO, .L, .UP, .M = 0, 0, +INF, 373.555298969072)
       -1.0309  ElecBalance(nime1,day,y3)
        1       HeatBalance(nime1,day,y3)
        1       ElecWH_limit(nime1,day,y3)

REMAINING 25 ENTRIES SKIPPED

---- GridElecBuy  

GridElecBuy(nime1,day,y1)
                (.LO, .L, .UP, .M = 0, 180.045311080586, +INF, 0)
        1       ElecBalance(nime1,day,y1)
     -236.52    M
        1.498   Emission_Limit_Eq

GridElecBuy(nime1,day,y2)
                (.LO, .L, .UP, .M = 0, 182.378644413919, +INF, 0)
        1       ElecBalance(nime1,day,y2)
     -236.52    M
        1.498   Emission_Limit_Eq

GridElecBuy(nime1,day,y3)
                (.LO, .L, .UP, .M = 0, 184.735311080586, +INF, 0)
        1       ElecBalance(nime1,day,y3)
     -236.52    M
        1.498   Emission_Limit_Eq

REMAINING 25 ENTRIES SKIPPED

---- z  

z
                (.LO, .L, .UP, .M = -INF, 1493611.1137698, +INF, 0)
        1       M

GAMS 25.1.3  r4e34d435fbd Released Oct 30, 2018 WEX-WEI x86 64bit/MS Windows - 05/29/26 18:19:24 Page 13
G e n e r a l   A l g e b r a i c   M o d e l i n g   S y s t e m
Model Statistics    SOLVE osemosys Using LP From line 212


MODEL STATISTICS

BLOCKS OF EQUATIONS          12     SINGLE EQUATIONS          282
BLOCKS OF VARIABLES           9     SINGLE VARIABLES          201
NON ZERO ELEMENTS           803


GENERATION TIME      =        0.015 SECONDS      3 MB  25.1.3 r4e34d435fbd WEX-WEI


EXECUTION TIME       =        0.015 SECONDS      3 MB  25.1.3 r4e34d435fbd WEX-WEI
GAMS 25.1.3  r4e34d435fbd Released Oct 30, 2018 WEX-WEI x86 64bit/MS Windows - 05/29/26 18:19:24 Page 14
G e n e r a l   A l g e b r a i c   M o d e l i n g   S y s t e m
Solution Report     SOLVE osemosys Using LP From line 212


               S O L V E      S U M M A R Y

     MODEL   osemosys            OBJECTIVE  z
     TYPE    LP                  DIRECTION  MINIMIZE
     SOLVER  CPLEX               FROM LINE  212

**** SOLVER STATUS     1 Normal Completion         
**** MODEL STATUS      1 Optimal                   
**** OBJECTIVE VALUE           963926.7047

 RESOURCE USAGE, LIMIT          0.016      1000.000
 ITERATION COUNT, LIMIT        26    2000000000

IBM ILOG CPLEX   25.1.3 r4e34d435fbd Released Oct 30, 2018 WEI x86 64bit/MS Wi
Cplex 12.8.0.0

Space for names approximately 0.02 Mb
Use option 'names no' to turn use of names off
LP status(1): optimal
Cplex Time: 0.00sec (det. 0.69 ticks)
Optimal solution found.
Objective :      963926.704719


---- EQU ElecBalance  

                      LOWER          LEVEL          UPPER         MARGINAL

nime1.day  .y1       233.3333       233.3333       233.3333       236.5200      
nime1.day  .y2       235.6667       235.6667       235.6667       236.5200      
nime1.day  .y3       238.0233       238.0233       238.0233       236.5200      
nime1.day  .y4       240.4036       240.4036       240.4036       236.5200      
nime1.day  .y5       242.8076       242.8076       242.8076       236.5200      
nime1.day  .y6       245.2357       245.2357       245.2357       236.5200      
nime1.day  .y7       247.6880       247.6880       247.6880       236.5200      
nime1.night.y1       140.0000       140.0000       140.0000       236.5200      
nime1.night.y2       141.4000       141.4000       141.4000       236.5200      
nime1.night.y3       142.8140       142.8140       142.8140       236.5200      
nime1.night.y4       144.2421       144.2421       144.2421       236.5200      
nime1.night.y5       145.6846       145.6846       145.6846       236.5200      
nime1.night.y6       147.1414       147.1414       147.1414       236.5200      
nime1.night.y7       148.6128       148.6128       148.6128       236.5200      
nime2.day  .y1       180.0000       180.0000       180.0000       157.6800      
nime2.day  .y2       181.8000       181.8000       181.8000       157.6800      
nime2.day  .y3       183.6180       183.6180       183.6180       157.6800      
nime2.day  .y4       185.4542       185.4542       185.4542       157.6800      
nime2.day  .y5       187.3087       187.3087       187.3087       157.6800      
nime2.day  .y6       189.1818       189.1818       189.1818       157.6800      
nime2.day  .y7       191.0736       191.0736       191.0736       157.6800      
nime2.night.y1       120.0000       120.0000       120.0000       150.1714      
nime2.night.y2       121.2000       121.2000       121.2000       150.1714      
nime2.night.y3       122.4120       122.4120       122.4120       150.1714      
nime2.night.y4       123.6361       123.6361       123.6361       150.1714      
nime2.night.y5       124.8725       124.8725       124.8725       150.1714      
nime2.night.y6       126.1212       126.1212       126.1212       150.1714      
nime2.night.y7       127.3824       127.3824       127.3824       150.1714      

---- EQU HeatBalance  

                      LOWER          LEVEL          UPPER         MARGINAL

nime1.day  .y1        20.0000        20.0000        20.0000       -28.1571      
nime1.day  .y2        20.2000        20.2000        20.2000       -28.1571      
nime1.day  .y3        20.4020        20.4020        20.4020       -28.1571      
nime1.day  .y4        20.6060        20.6060        20.6060       -28.1571      
nime1.day  .y5        20.8121        20.8121        20.8121       -28.1571      
nime1.day  .y6        21.0202        21.0202        21.0202       -28.1571      
nime1.day  .y7        21.2304        21.2304        21.2304       -28.1571      
nime1.night.y1          .              .              .           -28.1571      
nime1.night.y2          .              .              .           -28.1571      
nime1.night.y3          .              .              .           -28.1571      
nime1.night.y4          .              .              .           -28.1571      
nime1.night.y5          .              .              .           -28.1571      
nime1.night.y6          .              .              .           -28.1571      
nime1.night.y7          .              .              .           -28.1571      
nime2.day  .y1       200.0000       200.0000       200.0000         EPS         
nime2.day  .y2       202.0000       202.0000       202.0000         EPS         
nime2.day  .y3       204.0200       204.0200       204.0200         EPS         
nime2.day  .y4       206.0602       206.0602       206.0602         EPS         
nime2.day  .y5       208.1208       208.1208       208.1208         7.0013      
nime2.day  .y6       210.2020       210.2020       210.2020        58.4000      
nime2.day  .y7       212.3040       212.3040       212.3040        98.7346      
nime2.night.y1       140.0000       140.0000       140.0000         EPS         
nime2.night.y2       141.4000       141.4000       141.4000         EPS         
nime2.night.y3       142.8140       142.8140       142.8140         EPS         
nime2.night.y4       144.2421       144.2421       144.2421         EPS         
nime2.night.y5       145.6846       145.6846       145.6846         EPS         
nime2.night.y6       147.1414       147.1414       147.1414         EPS         
nime2.night.y7       148.6128       148.6128       148.6128         EPS         

---- EQU PV_limit  

                      LOWER          LEVEL          UPPER         MARGINAL

nime1.day  .y1        -INF             .              .          -236.5200      
nime1.day  .y2        -INF             .              .          -236.5200      
nime1.day  .y3        -INF             .              .          -236.5200      
nime1.day  .y4        -INF             .              .          -236.5200      
nime1.day  .y5        -INF             .              .          -236.5200      
nime1.day  .y6        -INF             .              .          -236.5200      
nime1.day  .y7        -INF             .              .          -236.5200      
nime1.night.y1        -INF             .              .          -236.5200      
nime1.night.y2        -INF             .              .          -236.5200      
nime1.night.y3        -INF             .              .          -236.5200      
nime1.night.y4        -INF             .              .          -236.5200      
nime1.night.y5        -INF             .              .          -236.5200      
nime1.night.y6        -INF             .              .          -236.5200      
nime1.night.y7        -INF             .              .          -236.5200      
nime2.day  .y1        -INF             .              .          -157.6800      
nime2.day  .y2        -INF             .              .          -157.6800      
nime2.day  .y3        -INF             .              .          -157.6800      
nime2.day  .y4        -INF             .              .          -157.6800      
nime2.day  .y5        -INF             .              .          -157.6800      
nime2.day  .y6        -INF             .              .          -157.6800      
nime2.day  .y7        -INF             .              .          -157.6800      
nime2.night.y1        -INF             .              .          -150.1714      
nime2.night.y2        -INF             .              .          -150.1714      
nime2.night.y3        -INF             .              .          -150.1714      
nime2.night.y4        -INF             .              .          -150.1714      
nime2.night.y5        -INF             .              .          -150.1714      
nime2.night.y6        -INF             .              .          -150.1714      
nime2.night.y7        -INF             .              .          -150.1714      

---- EQU CHP_MinElec  

                      LOWER          LEVEL          UPPER         MARGINAL

nime1.day  .y1          .           121.4701        +INF             .          
nime1.day  .y2          .           121.9701        +INF             .          
nime1.day  .y3          .           122.4751        +INF             .          
nime1.day  .y4          .           122.9851        +INF             .          
nime1.day  .y5          .           123.5003        +INF             .          
nime1.day  .y6          .           124.0206        +INF             .          
nime1.day  .y7          .           124.5461        +INF             .          
nime1.night.y1          .            71.4701        +INF             .          
nime1.night.y2          .            71.4701        +INF             .          
nime1.night.y3          .            71.4701        +INF             .          
nime1.night.y4          .            71.4701        +INF             .          
nime1.night.y5          .            71.4701        +INF             .          
nime1.night.y6          .            71.4701        +INF             .          
nime1.night.y7          .            71.4701        +INF             .          
nime2.day  .y1          .           131.5049        +INF             .          
nime2.day  .y2          .           131.5049        +INF             .          
nime2.day  .y3          .           131.5049        +INF             .          
nime2.day  .y4          .           131.5049        +INF             .          
nime2.day  .y5          .           131.5049        +INF             .          
nime2.day  .y6          .           131.5049        +INF             .          
nime2.day  .y7          .           131.5049        +INF             .          
nime2.night.y1          .            91.4120        +INF             .          
nime2.night.y2          .            92.6120        +INF             .          
nime2.night.y3          .            93.8240        +INF             .          
nime2.night.y4          .            95.0481        +INF             .          
nime2.night.y5          .            96.2845        +INF             .          
nime2.night.y6          .            97.5332        +INF             .          
nime2.night.y7          .            98.7944        +INF             .          

---- EQU CHP_MaxElec  

                      LOWER          LEVEL          UPPER         MARGINAL

nime1.day  .y1        -INF          -10.0348          .              .          
nime1.day  .y2        -INF           -9.5348          .              .          
nime1.day  .y3        -INF           -9.0298          .              .          
nime1.day  .y4        -INF           -8.5198          .              .          
nime1.day  .y5        -INF           -8.0046          .              .          
nime1.day  .y6        -INF           -7.4843          .              .          
nime1.day  .y7        -INF           -6.9588          .              .          
nime1.night.y1        -INF          -60.0348          .              .          
nime1.night.y2        -INF          -60.0348          .              .          
nime1.night.y3        -INF          -60.0348          .              .          
nime1.night.y4        -INF          -60.0348          .              .          
nime1.night.y5        -INF          -60.0348          .              .          
nime1.night.y6        -INF          -60.0348          .              .          
nime1.night.y7        -INF          -60.0348          .              .          
nime2.day  .y1        -INF             .              .            -7.5086      
nime2.day  .y2        -INF             .              .            -7.5086      
nime2.day  .y3        -INF             .              .            -7.5086      
nime2.day  .y4        -INF             .              .            -7.5086      
nime2.day  .y5        -INF             .              .           -16.6103      
nime2.day  .y6        -INF             .              .           -83.4286      
nime2.day  .y7        -INF             .              .          -135.8636      
nime2.night.y1        -INF          -40.0929          .              .          
nime2.night.y2        -INF          -38.8929          .              .          
nime2.night.y3        -INF          -37.6809          .              .          
nime2.night.y4        -INF          -36.4568          .              .          
nime2.night.y5        -INF          -35.2204          .              .          
nime2.night.y6        -INF          -33.9717          .              .          
nime2.night.y7        -INF          -32.7105          .              .          

---- EQU CHP_UpperHeat  

                      LOWER          LEVEL          UPPER         MARGINAL

nime1.day  .y1        -INF         -175.0755          .              .          
nime1.day  .y2        -INF         -175.5255          .              .          
nime1.day  .y3        -INF         -175.9800          .              .          
nime1.day  .y4        -INF         -176.4390          .              .          
nime1.day  .y5        -INF         -176.9027          .              .          
nime1.day  .y6        -INF         -177.3710          .              .          
nime1.day  .y7        -INF         -177.8439          .              .          
nime1.night.y1        -INF         -130.0755          .              .          
nime1.night.y2        -INF         -130.0755          .              .          
nime1.night.y3        -INF         -130.0755          .              .          
nime1.night.y4        -INF         -130.0755          .              .          
nime1.night.y5        -INF         -130.0755          .              .          
nime1.night.y6        -INF         -130.0755          .              .          
nime1.night.y7        -INF         -130.0755          .              .          
nime2.day  .y1        -INF           -8.1208          .              .          
nime2.day  .y2        -INF           -6.1208          .              .          
nime2.day  .y3        -INF           -4.1008          .              .          
nime2.day  .y4        -INF           -2.0606          .              .          
nime2.day  .y5        -INF             .              .            -7.0013      
nime2.day  .y6        -INF             .              .           -58.4000      
nime2.day  .y7        -INF             .              .           -98.7346      
nime2.night.y1        -INF          -16.0000          .              .          
nime2.night.y2        -INF          -16.1600          .              .          
nime2.night.y3        -INF          -16.3216          .              .          
nime2.night.y4        -INF          -16.4848          .              .          
nime2.night.y5        -INF          -16.6497          .              .          
nime2.night.y6        -INF          -16.8162          .              .          
nime2.night.y7        -INF          -16.9843          .              .          

---- EQU CHP_LowerHeat  

                      LOWER          LEVEL          UPPER         MARGINAL

nime1.day  .y1          .              .            +INF           28.1571      
nime1.day  .y2          .              .            +INF           28.1571      
nime1.day  .y3          .              .            +INF           28.1571      
nime1.day  .y4          .              .            +INF           28.1571      
nime1.day  .y5          .              .            +INF           28.1571      
nime1.day  .y6          .              .            +INF           28.1571      
nime1.day  .y7          .              .            +INF           28.1571      
nime1.night.y1          .              .            +INF           28.1571      
nime1.night.y2          .              .            +INF           28.1571      
nime1.night.y3          .              .            +INF           28.1571      
nime1.night.y4          .              .            +INF           28.1571      
nime1.night.y5          .              .            +INF           28.1571      
nime1.night.y6          .              .            +INF           28.1571      
nime1.night.y7          .              .            +INF           28.1571      
nime2.day  .y1          .           175.9861        +INF             .          
nime2.day  .y2          .           177.9861        +INF             .          
nime2.day  .y3          .           180.0061        +INF             .          
nime2.day  .y4          .           182.0463        +INF             .          
nime2.day  .y5          .           184.1069        +INF             .          
nime2.day  .y6          .           184.1069        +INF             .          
nime2.day  .y7          .           184.1069        +INF             .          
nime2.night.y1          .           132.0232        +INF             .          
nime2.night.y2          .           132.9432        +INF             .          
nime2.night.y3          .           133.8724        +INF             .          
nime2.night.y4          .           134.8109        +INF             .          
nime2.night.y5          .           135.7588        +INF             .          
nime2.night.y6          .           136.7162        +INF             .          
nime2.night.y7          .           137.6831        +INF             .          

---- EQU Boiler_limit  

                      LOWER          LEVEL          UPPER         MARGINAL

nime1.day  .y1        -INF           -4.1832          .              .          
nime1.day  .y2        -INF           -4.1832          .              .          
nime1.day  .y3        -INF           -4.1832          .              .          
nime1.day  .y4        -INF           -4.1832          .              .          
nime1.day  .y5        -INF           -4.1832          .              .          
nime1.day  .y6        -INF           -4.1832          .              .          
nime1.day  .y7        -INF           -4.1832          .              .          
nime1.night.y1        -INF           -4.1832          .              .          
nime1.night.y2        -INF           -4.1832          .              .          
nime1.night.y3        -INF           -4.1832          .              .          
nime1.night.y4        -INF           -4.1832          .              .          
nime1.night.y5        -INF           -4.1832          .              .          
nime1.night.y6        -INF           -4.1832          .              .          
nime1.night.y7        -INF           -4.1832          .              .          
nime2.day  .y1        -INF           -4.1832          .              .          
nime2.day  .y2        -INF           -4.1832          .              .          
nime2.day  .y3        -INF           -4.1832          .              .          
nime2.day  .y4        -INF           -4.1832          .              .          
nime2.day  .y5        -INF           -4.1832          .              .          
nime2.day  .y6        -INF           -2.1020          .              .          
nime2.day  .y7        -INF             .              .           -40.3346      
nime2.night.y1        -INF           -4.1832          .              .          
nime2.night.y2        -INF           -4.1832          .              .          
nime2.night.y3        -INF           -4.1832          .              .          
nime2.night.y4        -INF           -4.1832          .              .          
nime2.night.y5        -INF           -4.1832          .              .          
nime2.night.y6        -INF           -4.1832          .              .          
nime2.night.y7        -INF           -4.1832          .              .          

---- EQU ElecWH_limit  

                      LOWER          LEVEL          UPPER         MARGINAL

nime1.day  .y1        -INF             .              .              .          
nime1.day  .y2        -INF             .              .              .          
nime1.day  .y3        -INF             .              .              .          
nime1.day  .y4        -INF             .              .              .          
nime1.day  .y5        -INF             .              .              .          
nime1.day  .y6        -INF             .              .              .          
nime1.day  .y7        -INF             .              .              .          
nime1.night.y1        -INF             .              .              .          
nime1.night.y2        -INF             .              .              .          
nime1.night.y3        -INF             .              .              .          
nime1.night.y4        -INF             .              .              .          
nime1.night.y5        -INF             .              .              .          
nime1.night.y6        -INF             .              .              .          
nime1.night.y7        -INF             .              .              .          
nime2.day  .y1        -INF             .              .              .          
nime2.day  .y2        -INF             .              .              .          
nime2.day  .y3        -INF             .              .              .          
nime2.day  .y4        -INF             .              .              .          
nime2.day  .y5        -INF             .              .              .          
nime2.day  .y6        -INF             .              .              .          
nime2.day  .y7        -INF             .              .              .          
nime2.night.y1        -INF             .              .              .          
nime2.night.y2        -INF             .              .              .          
nime2.night.y3        -INF             .              .              .          
nime2.night.y4        -INF             .              .              .          
nime2.night.y5        -INF             .              .              .          
nime2.night.y6        -INF             .              .              .          
nime2.night.y7        -INF             .              .              .          

---- EQU Gas_balance  

                      LOWER          LEVEL          UPPER         MARGINAL

nime1.day  .y1          .              .              .            78.8400      
nime1.day  .y2          .              .              .            78.8400      
nime1.day  .y3          .              .              .            78.8400      
nime1.day  .y4          .              .              .            78.8400      
nime1.day  .y5          .              .              .            78.8400      
nime1.day  .y6          .              .              .            78.8400      
nime1.day  .y7          .              .              .            78.8400      
nime1.night.y1          .              .              .            78.8400      
nime1.night.y2          .              .              .            78.8400      
nime1.night.y3          .              .              .            78.8400      
nime1.night.y4          .              .              .            78.8400      
nime1.night.y5          .              .              .            78.8400      
nime1.night.y6          .              .              .            78.8400      
nime1.night.y7          .              .              .            78.8400      
nime2.day  .y1          .              .              .            52.5600      
nime2.day  .y2          .              .              .            52.5600      
nime2.day  .y3          .              .              .            52.5600      
nime2.day  .y4          .              .              .            52.5600      
nime2.day  .y5          .              .              .            52.5600      
nime2.day  .y6          .              .              .            52.5600      
nime2.day  .y7          .              .              .            52.5600      
nime2.night.y1          .              .              .            52.5600      
nime2.night.y2          .              .              .            52.5600      
nime2.night.y3          .              .              .            52.5600      
nime2.night.y4          .              .              .            52.5600      
nime2.night.y5          .              .              .            52.5600      
nime2.night.y6          .              .              .            52.5600      
nime2.night.y7          .              .              .            52.5600      

                           LOWER          LEVEL          UPPER         MARGINAL

---- EQU M               5000.0000      5000.0000      5000.0000         1.0000      
---- EQU Emission_~        -INF         6334.1618      6334.1618          .          

---- VAR GridGasBuy  

                      LOWER          LEVEL          UPPER         MARGINAL

nime1.day  .y1          .           428.7374        +INF             .          
nime1.day  .y2          .           430.1659        +INF             .          
nime1.day  .y3          .           431.6088        +INF             .          
nime1.day  .y4          .           433.0661        +INF             .          
nime1.day  .y5          .           434.5379        +INF             .          
nime1.day  .y6          .           436.0245        +INF             .          
nime1.day  .y7          .           437.5260        +INF             .          
nime1.night.y1          .           285.8802        +INF             .          
nime1.night.y2          .           285.8802        +INF             .          
nime1.night.y3          .           285.8802        +INF             .          
nime1.night.y4          .           285.8802        +INF             .          
nime1.night.y5          .           285.8802        +INF             .          
nime1.night.y6          .           285.8802        +INF             .          
nime1.night.y7          .           285.8802        +INF             .          
nime2.day  .y1          .           457.4084        +INF             .          
nime2.day  .y2          .           457.4084        +INF             .          
nime2.day  .y3          .           457.4084        +INF             .          
nime2.day  .y4          .           457.4084        +INF             .          
nime2.day  .y5          .           457.4084        +INF             .          
nime2.day  .y6          .           459.7208        +INF             .          
nime2.day  .y7          .           462.0564        +INF             .          
nime2.night.y1          .           342.8571        +INF             .          
nime2.night.y2          .           346.2857        +INF             .          
nime2.night.y3          .           349.7486        +INF             .          
nime2.night.y4          .           353.2461        +INF             .          
nime2.night.y5          .           356.7785        +INF             .          
nime2.night.y6          .           360.3463        +INF             .          
nime2.night.y7          .           363.9498        +INF             .          

---- VAR Cap  

                       LOWER          LEVEL          UPPER         MARGINAL

PV                       .           100.0000       100.0000      -433.9612      
CHP                   100.0000       200.1162       700.0000          .          
Boiler                   .             4.4034       300.0000          .          
ElecWaterHeater          .              .          3000.0000        20.1082      

---- VAR PVgen  

                      LOWER          LEVEL          UPPER         MARGINAL

nime1.day  .y1          .            24.7000        +INF             .          
nime1.day  .y2          .            24.7000        +INF             .          
nime1.day  .y3          .            24.7000        +INF             .          
nime1.day  .y4          .            24.7000        +INF             .          
nime1.day  .y5          .            24.7000        +INF             .          
nime1.day  .y6          .            24.7000        +INF             .          
nime1.day  .y7          .            24.7000        +INF             .          
nime1.night.y1          .              .            +INF             .          
nime1.night.y2          .              .            +INF             .          
nime1.night.y3          .              .            +INF             .          
nime1.night.y4          .              .            +INF             .          
nime1.night.y5          .              .            +INF             .          
nime1.night.y6          .              .            +INF             .          
nime1.night.y7          .              .            +INF             .          
nime2.day  .y1          .            11.4000        +INF             .          
nime2.day  .y2          .            11.4000        +INF             .          
nime2.day  .y3          .            11.4000        +INF             .          
nime2.day  .y4          .            11.4000        +INF             .          
nime2.day  .y5          .            11.4000        +INF             .          
nime2.day  .y6          .            11.4000        +INF             .          
nime2.day  .y7          .            11.4000        +INF             .          
nime2.night.y1          .              .            +INF             .          
nime2.night.y2          .              .            +INF             .          
nime2.night.y3          .              .            +INF             .          
nime2.night.y4          .              .            +INF             .          
nime2.night.y5          .              .            +INF             .          
nime2.night.y6          .              .            +INF             .          
nime2.night.y7          .              .            +INF             .          

---- VAR CHPelec  

                      LOWER          LEVEL          UPPER         MARGINAL

nime1.day  .y1          .           150.0581        +INF             .          
nime1.day  .y2          .           150.5581        +INF             .          
nime1.day  .y3          .           151.0631        +INF             .          
nime1.day  .y4          .           151.5731        +INF             .          
nime1.day  .y5          .           152.0883        +INF             .          
nime1.day  .y6          .           152.6086        +INF             .          
nime1.day  .y7          .           153.1341        +INF             .          
nime1.night.y1          .           100.0581        +INF             .          
nime1.night.y2          .           100.0581        +INF             .          
nime1.night.y3          .           100.0581        +INF             .          
nime1.night.y4          .           100.0581        +INF             .          
nime1.night.y5          .           100.0581        +INF             .          
nime1.night.y6          .           100.0581        +INF             .          
nime1.night.y7          .           100.0581        +INF             .          
nime2.day  .y1          .           160.0929        +INF             .          
nime2.day  .y2          .           160.0929        +INF             .          
nime2.day  .y3          .           160.0929        +INF             .          
nime2.day  .y4          .           160.0929        +INF             .          
nime2.day  .y5          .           160.0929        +INF             .          
nime2.day  .y6          .           160.0929        +INF             .          
nime2.day  .y7          .           160.0929        +INF             .          
nime2.night.y1          .           120.0000        +INF             .          
nime2.night.y2          .           121.2000        +INF             .          
nime2.night.y3          .           122.4120        +INF             .          
nime2.night.y4          .           123.6361        +INF             .          
nime2.night.y5          .           124.8725        +INF             .          
nime2.night.y6          .           126.1212        +INF             .          
nime2.night.y7          .           127.3824        +INF             .          

---- VAR CHPheat  

                      LOWER          LEVEL          UPPER         MARGINAL

nime1.day  .y1          .            20.0000        +INF             .          
nime1.day  .y2          .            20.2000        +INF             .          
nime1.day  .y3          .            20.4020        +INF             .          
nime1.day  .y4          .            20.6060        +INF             .          
nime1.day  .y5          .            20.8121        +INF             .          
nime1.day  .y6          .            21.0202        +INF             .          
nime1.day  .y7          .            21.2304        +INF             .          
nime1.night.y1          .              .            +INF             .          
nime1.night.y2          .              .            +INF             .          
nime1.night.y3          .              .            +INF             .          
nime1.night.y4          .              .            +INF             .          
nime1.night.y5          .              .            +INF             .          
nime1.night.y6          .              .            +INF             .          
nime1.night.y7          .              .            +INF             .          
nime2.day  .y1          .           200.0000        +INF             .          
nime2.day  .y2          .           202.0000        +INF             .          
nime2.day  .y3          .           204.0200        +INF             .          
nime2.day  .y4          .           206.0602        +INF             .          
nime2.day  .y5          .           208.1208        +INF             .          
nime2.day  .y6          .           208.1208        +INF             .          
nime2.day  .y7          .           208.1208        +INF             .          
nime2.night.y1          .           140.0000        +INF             .          
nime2.night.y2          .           141.4000        +INF             .          
nime2.night.y3          .           142.8140        +INF             .          
nime2.night.y4          .           144.2421        +INF             .          
nime2.night.y5          .           145.6846        +INF             .          
nime2.night.y6          .           147.1414        +INF             .          
nime2.night.y7          .           148.6128        +INF             .          

---- VAR BoilerHeat  

                      LOWER          LEVEL          UPPER         MARGINAL

nime1.day  .y1          .              .            +INF          115.7571      
nime1.day  .y2          .              .            +INF          115.7571      
nime1.day  .y3          .              .            +INF          115.7571      
nime1.day  .y4          .              .            +INF          115.7571      
nime1.day  .y5          .              .            +INF          115.7571      
nime1.day  .y6          .              .            +INF          115.7571      
nime1.day  .y7          .              .            +INF          115.7571      
nime1.night.y1          .              .            +INF          115.7571      
nime1.night.y2          .              .            +INF          115.7571      
nime1.night.y3          .              .            +INF          115.7571      
nime1.night.y4          .              .            +INF          115.7571      
nime1.night.y5          .              .            +INF          115.7571      
nime1.night.y6          .              .            +INF          115.7571      
nime1.night.y7          .              .            +INF          115.7571      
nime2.day  .y1          .              .            +INF           58.4000      
nime2.day  .y2          .              .            +INF           58.4000      
nime2.day  .y3          .              .            +INF           58.4000      
nime2.day  .y4          .              .            +INF           58.4000      
nime2.day  .y5          .              .            +INF           51.3987      
nime2.day  .y6          .             2.0812        +INF             .          
nime2.day  .y7          .             4.1832        +INF             .          
nime2.night.y1          .              .            +INF           58.4000      
nime2.night.y2          .              .            +INF           58.4000      
nime2.night.y3          .              .            +INF           58.4000      
nime2.night.y4          .              .            +INF           58.4000      
nime2.night.y5          .              .            +INF           58.4000      
nime2.night.y6          .              .            +INF           58.4000      
nime2.night.y7          .              .            +INF           58.4000      

---- VAR ElecWH_Heat  

                      LOWER          LEVEL          UPPER         MARGINAL

nime1.day  .y1          .              .            +INF          271.9922      
nime1.day  .y2          .              .            +INF          271.9922      
nime1.day  .y3          .              .            +INF          271.9922      
nime1.day  .y4          .              .            +INF          271.9922      
nime1.day  .y5          .              .            +INF          271.9922      
nime1.day  .y6          .              .            +INF          271.9922      
nime1.day  .y7          .              .            +INF          271.9922      
nime1.night.y1          .              .            +INF          271.9922      
nime1.night.y2          .              .            +INF          271.9922      
nime1.night.y3          .              .            +INF          271.9922      
nime1.night.y4          .              .            +INF          271.9922      
nime1.night.y5          .              .            +INF          271.9922      
nime1.night.y6          .              .            +INF          271.9922      
nime1.night.y7          .              .            +INF          271.9922      
nime2.day  .y1          .              .            +INF          162.5567      
nime2.day  .y2          .              .            +INF          162.5567      
nime2.day  .y3          .              .            +INF          162.5567      
nime2.day  .y4          .              .            +INF          162.5567      
nime2.day  .y5          .              .            +INF          155.5554      
nime2.day  .y6          .              .            +INF          104.1567      
nime2.day  .y7          .              .            +INF           63.8221      
nime2.night.y1          .              .            +INF          154.8159      
nime2.night.y2          .              .            +INF          154.8159      
nime2.night.y3          .              .            +INF          154.8159      
nime2.night.y4          .              .            +INF          154.8159      
nime2.night.y5          .              .            +INF          154.8159      
nime2.night.y6          .              .            +INF          154.8159      
nime2.night.y7          .              .            +INF          154.8159      

---- VAR GridElecBuy  

                      LOWER          LEVEL          UPPER         MARGINAL

nime1.day  .y1          .            58.5753        +INF             .          
nime1.day  .y2          .            60.4086        +INF             .          
nime1.day  .y3          .            62.2603        +INF             .          
nime1.day  .y4          .            64.1304        +INF             .          
nime1.day  .y5          .            66.0193        +INF             .          
nime1.day  .y6          .            67.9271        +INF             .          
nime1.day  .y7          .            69.8539        +INF             .          
nime1.night.y1          .            39.9419        +INF             .          
nime1.night.y2          .            41.3419        +INF             .          
nime1.night.y3          .            42.7559        +INF             .          
nime1.night.y4          .            44.1841        +INF             .          
nime1.night.y5          .            45.6265        +INF             .          
nime1.night.y6          .            47.0833        +INF             .          
nime1.night.y7          .            48.5547        +INF             .          
nime2.day  .y1          .             8.5071        +INF             .          
nime2.day  .y2          .            10.3071        +INF             .          
nime2.day  .y3          .            12.1251        +INF             .          
nime2.day  .y4          .            13.9613        +INF             .          
nime2.day  .y5          .            15.8158        +INF             .          
nime2.day  .y6          .            17.6889        +INF             .          
nime2.day  .y7          .            19.5807        +INF             .          
nime2.night.y1          .              .            +INF            7.5086      
nime2.night.y2          .              .            +INF            7.5086      
nime2.night.y3          .              .            +INF            7.5086      
nime2.night.y4          .              .            +INF            7.5086      
nime2.night.y5          .              .            +INF            7.5086      
nime2.night.y6          .              .            +INF            7.5086      
nime2.night.y7          .              .            +INF            7.5086      

                           LOWER          LEVEL          UPPER         MARGINAL

---- VAR z                 -INF       963926.7047        +INF             .          


**** REPORT SUMMARY :        0     NONOPT
                             0 INFEASIBLE
                             0  UNBOUNDED
                             1  PROJECTED
GAMS 25.1.3  r4e34d435fbd Released Oct 30, 2018 WEX-WEI x86 64bit/MS Windows - 05/29/26 18:19:24 Page 15
G e n e r a l   A l g e b r a i c   M o d e l i n g   S y s t e m
E x e c u t i o n


----    219 PARAMETER z_3                  =   963926.705  


EXECUTION TIME       =        0.000 SECONDS      3 MB  25.1.3 r4e34d435fbd WEX-WEI


USER: CS 635 Spring 2014                             G140121/0001AO-GEN
      Prof. Michael Ferris, University of Wisconsin-Madison      DC2937
      License for teaching and research at degree granting institutions


**** FILE SUMMARY

Input      C:\Users\mehdi\Desktop\modelasli.gms
Output     C:\Users\mehdi\Desktop\modelasli.lst
